OBJECT_NAME : __SYS,
OK,0,__SYS - SYSTEM ERROR,,CHECK	,
OK,11,__SYS - System Error 11 - Dll Title,System Error 11 - Dll Message,CHECK	,
OK,13,__SYS - Alarm Clear Test !,,CHECK	,
OK,12,__SYS - SYSTEM WARNING 12,,CHECK	,
OK,21,__SYS - System Error : Async Timer Max Error,,CHECK	,
OK,31,__SYS -  AlarmID(1),AlarmID(1)'s message ...,ABORT	RETRY	ACT.1	,
OK,32,__SYS -  AlarmID(2),AlarmID(2)'s message ...,ABORT	RETRY	ACT.2	,
OK,33,__SYS -  AlarmID(3),AlarmID(3)'s message ...,ABORT	RETRY	ACT.3	,
OK,34,__SYS -  AlarmID(4),AlarmID(4)'s message ...,ABORT	RETRY	ACT.4	,
OK,35,__SYS -  AlarmID(5),AlarmID(5)'s message ...,ABORT	RETRY	ACT.5	,

OBJECT_NAME : DB_SYS,
OK,1,DB_SYS - Simulation mode is active !,,CHECK	,
OK,2,DB_SYS - Setpoint Interlock Disable !,Config Page에서 Setpoint Interlock를 Disable 설정했습니다.<\n>정상적인 설비 운영시에는 반드시 Enable로 전환 바랍니다.<\n>,CHECK	,
OK,3,DB_SYS - Setpoint & Monitoring Interlock Disable !,Config Page에서 Setpoint & Monitoring Interlock를 Disable 설정했습니다.<\n>정상적인 설비 운영시에는 반드시 Enable로 전환 바랍니다.<\n>,CHECK	,

OBJECT_NAME : DI_CHM,
OK,1,DI_CHM - Heavy Interlock Sensor Active !,Interlock Sensor 상태를 확인 바랍니다.<\n>,CHECK	,
OK,21,DI_CHM - Light Interlock Sensor Active !,Interlock Sensor 상태를 확인 바랍니다.<\n>,CHECK	,
OK,2,DI_CHM - Heavy Interlock Sensor Active !,Interlock Sensor 상태를 확인 바랍니다.<\n>,CHECK	,
OK,22,DI_CHM - Light Interlock Sensor Active !,Interlock Sensor 상태를 확인 바랍니다.<\n>,CHECK	,
OK,3,DI_CHM - Heavy Interlock Sensor Active !,Interlock Sensor 상태를 확인 바랍니다.<\n>,CHECK	,
OK,23,DI_CHM - Light Interlock Sensor Active !,Interlock Sensor 상태를 확인 바랍니다.<\n>,CHECK	,
OK,4,DI_CHM - Heavy Interlock Sensor Active !,Interlock Sensor 상태를 확인 바랍니다.<\n>,CHECK	,
OK,24,DI_CHM - Light Interlock Sensor Active !,Interlock Sensor 상태를 확인 바랍니다.<\n>,CHECK	,
OK,5,DI_CHM - Heavy Interlock Sensor Active !,Interlock Sensor 상태를 확인 바랍니다.<\n>,CHECK	,
OK,25,DI_CHM - Light Interlock Sensor Active !,Interlock Sensor 상태를 확인 바랍니다.<\n>,CHECK	,
OK,6,DI_CHM - Heavy Interlock Sensor Active !,Interlock Sensor 상태를 확인 바랍니다.<\n>,CHECK	,
OK,26,DI_CHM - Light Interlock Sensor Active !,Interlock Sensor 상태를 확인 바랍니다.<\n>,CHECK	,
OK,7,DI_CHM - Heavy Interlock Sensor Active !,Interlock Sensor 상태를 확인 바랍니다.<\n>,CHECK	,
OK,27,DI_CHM - Light Interlock Sensor Active !,Interlock Sensor 상태를 확인 바랍니다.<\n>,CHECK	,
OK,8,DI_CHM - Heavy Interlock Sensor Active !,Interlock Sensor 상태를 확인 바랍니다.<\n>,CHECK	,
OK,28,DI_CHM - Light Interlock Sensor Active !,Interlock Sensor 상태를 확인 바랍니다.<\n>,CHECK	,
OK,9,DI_CHM - Heavy Interlock Sensor Active !,Interlock Sensor 상태를 확인 바랍니다.<\n>,CHECK	,
OK,29,DI_CHM - Light Interlock Sensor Active !,Interlock Sensor 상태를 확인 바랍니다.<\n>,CHECK	,
OK,10,DI_CHM - Heavy Interlock Sensor Active !,Interlock Sensor 상태를 확인 바랍니다.<\n>,CHECK	,
OK,30,DI_CHM - Light Interlock Sensor Active !,Interlock Sensor 상태를 확인 바랍니다.<\n>,CHECK	,
OK,11,DI_CHM - Heavy Interlock Sensor Active !,Interlock Sensor 상태를 확인 바랍니다.<\n>,CHECK	,
OK,31,DI_CHM - Light Interlock Sensor Active !,Interlock Sensor 상태를 확인 바랍니다.<\n>,CHECK	,
OK,12,DI_CHM - Heavy Interlock Sensor Active !,Interlock Sensor 상태를 확인 바랍니다.<\n>,CHECK	,
OK,32,DI_CHM - Light Interlock Sensor Active !,Interlock Sensor 상태를 확인 바랍니다.<\n>,CHECK	,
OK,13,DI_CHM - Heavy Interlock Sensor Active !,Interlock Sensor 상태를 확인 바랍니다.<\n>,CHECK	,
OK,33,DI_CHM - Light Interlock Sensor Active !,Interlock Sensor 상태를 확인 바랍니다.<\n>,CHECK	,
OK,14,DI_CHM - Heavy Interlock Sensor Active !,Interlock Sensor 상태를 확인 바랍니다.<\n>,CHECK	,
OK,34,DI_CHM - Light Interlock Sensor Active !,Interlock Sensor 상태를 확인 바랍니다.<\n>,CHECK	,
OK,15,DI_CHM - Heavy Interlock Sensor Active !,Interlock Sensor 상태를 확인 바랍니다.<\n>,CHECK	,
OK,35,DI_CHM - Light Interlock Sensor Active !,Interlock Sensor 상태를 확인 바랍니다.<\n>,CHECK	,
OK,16,DI_CHM - Heavy Interlock Sensor Active !,Interlock Sensor 상태를 확인 바랍니다.<\n>,CHECK	,
OK,36,DI_CHM - Light Interlock Sensor Active !,Interlock Sensor 상태를 확인 바랍니다.<\n>,CHECK	,
OK,17,DI_CHM - Heavy Interlock Sensor Active !,Interlock Sensor 상태를 확인 바랍니다.<\n>,CHECK	,
OK,37,DI_CHM - Light Interlock Sensor Active !,Interlock Sensor 상태를 확인 바랍니다.<\n>,CHECK	,
OK,18,DI_CHM - Heavy Interlock Sensor Active !,Interlock Sensor 상태를 확인 바랍니다.<\n>,CHECK	,
OK,38,DI_CHM - Light Interlock Sensor Active !,Interlock Sensor 상태를 확인 바랍니다.<\n>,CHECK	,
OK,19,DI_CHM - Heavy Interlock Sensor Active !,Interlock Sensor 상태를 확인 바랍니다.<\n>,CHECK	,
OK,39,DI_CHM - Light Interlock Sensor Active !,Interlock Sensor 상태를 확인 바랍니다.<\n>,CHECK	,
OK,20,DI_CHM - Heavy Interlock Sensor Active !,Interlock Sensor 상태를 확인 바랍니다.<\n>,CHECK	,
OK,40,DI_CHM - Light Interlock Sensor Active !,Interlock Sensor 상태를 확인 바랍니다.<\n>,CHECK	,

OBJECT_NAME : DI_GAS_BOX,
OK,1,DI_GAS_BOX - Gas-Box Diff-Pressure Error !,Gas-Box의 차압력을 확인 바랍니다.<\n>,CHECK	,
OK,2,DI_GAS_BOX - The all valve of DGF are close !,Gas를 Flow 시킬 수 없습니다. <\n>,CHECK	,
OK,11,DI_GAS_BOX - Heavy Interlock Sensor Active !,Interlock Sensor 상태를 확인 바랍니다.<\n>,CHECK	,
OK,31,DI_GAS_BOX - Light Interlock Sensor Active !,Interlock Sensor 상태를 확인 바랍니다.<\n>,CHECK	,
OK,12,DI_GAS_BOX - Heavy Interlock Sensor Active !,Interlock Sensor 상태를 확인 바랍니다.<\n>,CHECK	,
OK,32,DI_GAS_BOX - Light Interlock Sensor Active !,Interlock Sensor 상태를 확인 바랍니다.<\n>,CHECK	,
OK,13,DI_GAS_BOX - Heavy Interlock Sensor Active !,Interlock Sensor 상태를 확인 바랍니다.<\n>,CHECK	,
OK,33,DI_GAS_BOX - Light Interlock Sensor Active !,Interlock Sensor 상태를 확인 바랍니다.<\n>,CHECK	,
OK,14,DI_GAS_BOX - Heavy Interlock Sensor Active !,Interlock Sensor 상태를 확인 바랍니다.<\n>,CHECK	,
OK,34,DI_GAS_BOX - Light Interlock Sensor Active !,Interlock Sensor 상태를 확인 바랍니다.<\n>,CHECK	,
OK,15,DI_GAS_BOX - Heavy Interlock Sensor Active !,Interlock Sensor 상태를 확인 바랍니다.<\n>,CHECK	,
OK,35,DI_GAS_BOX - Light Interlock Sensor Active !,Interlock Sensor 상태를 확인 바랍니다.<\n>,CHECK	,
OK,16,DI_GAS_BOX - Heavy Interlock Sensor Active !,Interlock Sensor 상태를 확인 바랍니다.<\n>,CHECK	,
OK,36,DI_GAS_BOX - Light Interlock Sensor Active !,Interlock Sensor 상태를 확인 바랍니다.<\n>,CHECK	,
OK,17,DI_GAS_BOX - Heavy Interlock Sensor Active !,Interlock Sensor 상태를 확인 바랍니다.<\n>,CHECK	,
OK,37,DI_GAS_BOX - Light Interlock Sensor Active !,Interlock Sensor 상태를 확인 바랍니다.<\n>,CHECK	,
OK,18,DI_GAS_BOX - Heavy Interlock Sensor Active !,Interlock Sensor 상태를 확인 바랍니다.<\n>,CHECK	,
OK,38,DI_GAS_BOX - Light Interlock Sensor Active !,Interlock Sensor 상태를 확인 바랍니다.<\n>,CHECK	,
OK,19,DI_GAS_BOX - Heavy Interlock Sensor Active !,Interlock Sensor 상태를 확인 바랍니다.<\n>,CHECK	,
OK,39,DI_GAS_BOX - Light Interlock Sensor Active !,Interlock Sensor 상태를 확인 바랍니다.<\n>,CHECK	,
OK,20,DI_GAS_BOX - Heavy Interlock Sensor Active !,Interlock Sensor 상태를 확인 바랍니다.<\n>,CHECK	,
OK,40,DI_GAS_BOX - Light Interlock Sensor Active !,Interlock Sensor 상태를 확인 바랍니다.<\n>,CHECK	,
OK,21,DI_GAS_BOX - Heavy Interlock Sensor Active !,Interlock Sensor 상태를 확인 바랍니다.<\n>,CHECK	,
OK,41,DI_GAS_BOX - Light Interlock Sensor Active !,Interlock Sensor 상태를 확인 바랍니다.<\n>,CHECK	,
OK,22,DI_GAS_BOX - Heavy Interlock Sensor Active !,Interlock Sensor 상태를 확인 바랍니다.<\n>,CHECK	,
OK,42,DI_GAS_BOX - Light Interlock Sensor Active !,Interlock Sensor 상태를 확인 바랍니다.<\n>,CHECK	,
OK,23,DI_GAS_BOX - Heavy Interlock Sensor Active !,Interlock Sensor 상태를 확인 바랍니다.<\n>,CHECK	,
OK,43,DI_GAS_BOX - Light Interlock Sensor Active !,Interlock Sensor 상태를 확인 바랍니다.<\n>,CHECK	,
OK,24,DI_GAS_BOX - Heavy Interlock Sensor Active !,Interlock Sensor 상태를 확인 바랍니다.<\n>,CHECK	,
OK,44,DI_GAS_BOX - Light Interlock Sensor Active !,Interlock Sensor 상태를 확인 바랍니다.<\n>,CHECK	,
OK,25,DI_GAS_BOX - Heavy Interlock Sensor Active !,Interlock Sensor 상태를 확인 바랍니다.<\n>,CHECK	,
OK,45,DI_GAS_BOX - Light Interlock Sensor Active !,Interlock Sensor 상태를 확인 바랍니다.<\n>,CHECK	,
OK,26,DI_GAS_BOX - Heavy Interlock Sensor Active !,Interlock Sensor 상태를 확인 바랍니다.<\n>,CHECK	,
OK,46,DI_GAS_BOX - Light Interlock Sensor Active !,Interlock Sensor 상태를 확인 바랍니다.<\n>,CHECK	,
OK,27,DI_GAS_BOX - Heavy Interlock Sensor Active !,Interlock Sensor 상태를 확인 바랍니다.<\n>,CHECK	,
OK,47,DI_GAS_BOX - Light Interlock Sensor Active !,Interlock Sensor 상태를 확인 바랍니다.<\n>,CHECK	,
OK,28,DI_GAS_BOX - Heavy Interlock Sensor Active !,Interlock Sensor 상태를 확인 바랍니다.<\n>,CHECK	,
OK,48,DI_GAS_BOX - Light Interlock Sensor Active !,Interlock Sensor 상태를 확인 바랍니다.<\n>,CHECK	,
OK,29,DI_GAS_BOX - Heavy Interlock Sensor Active !,Interlock Sensor 상태를 확인 바랍니다.<\n>,CHECK	,
OK,49,DI_GAS_BOX - Light Interlock Sensor Active !,Interlock Sensor 상태를 확인 바랍니다.<\n>,CHECK	,
OK,30,DI_GAS_BOX - Heavy Interlock Sensor Active !,Interlock Sensor 상태를 확인 바랍니다.<\n>,CHECK	,
OK,50,DI_GAS_BOX - Light Interlock Sensor Active !,Interlock Sensor 상태를 확인 바랍니다.<\n>,CHECK	,

OBJECT_NAME : DI_RF_SYS,
OK,1,DI_RF_SYS - Heavy Interlock Sensor Active !,Interlock Sensor 상태를 확인 바랍니다.<\n>,CHECK	,
OK,21,DI_RF_SYS - Light Interlock Sensor Active !,Interlock Sensor 상태를 확인 바랍니다.<\n>,CHECK	,
OK,2,DI_RF_SYS - Heavy Interlock Sensor Active !,Interlock Sensor 상태를 확인 바랍니다.<\n>,CHECK	,
OK,22,DI_RF_SYS - Light Interlock Sensor Active !,Interlock Sensor 상태를 확인 바랍니다.<\n>,CHECK	,
OK,3,DI_RF_SYS - Heavy Interlock Sensor Active !,Interlock Sensor 상태를 확인 바랍니다.<\n>,CHECK	,
OK,23,DI_RF_SYS - Light Interlock Sensor Active !,Interlock Sensor 상태를 확인 바랍니다.<\n>,CHECK	,
OK,4,DI_RF_SYS - Heavy Interlock Sensor Active !,Interlock Sensor 상태를 확인 바랍니다.<\n>,CHECK	,
OK,24,DI_RF_SYS - Light Interlock Sensor Active !,Interlock Sensor 상태를 확인 바랍니다.<\n>,CHECK	,
OK,5,DI_RF_SYS - Heavy Interlock Sensor Active !,Interlock Sensor 상태를 확인 바랍니다.<\n>,CHECK	,
OK,25,DI_RF_SYS - Light Interlock Sensor Active !,Interlock Sensor 상태를 확인 바랍니다.<\n>,CHECK	,
OK,6,DI_RF_SYS - Heavy Interlock Sensor Active !,Interlock Sensor 상태를 확인 바랍니다.<\n>,CHECK	,
OK,26,DI_RF_SYS - Light Interlock Sensor Active !,Interlock Sensor 상태를 확인 바랍니다.<\n>,CHECK	,
OK,7,DI_RF_SYS - Heavy Interlock Sensor Active !,Interlock Sensor 상태를 확인 바랍니다.<\n>,CHECK	,
OK,27,DI_RF_SYS - Light Interlock Sensor Active !,Interlock Sensor 상태를 확인 바랍니다.<\n>,CHECK	,
OK,8,DI_RF_SYS - Heavy Interlock Sensor Active !,Interlock Sensor 상태를 확인 바랍니다.<\n>,CHECK	,
OK,28,DI_RF_SYS - Light Interlock Sensor Active !,Interlock Sensor 상태를 확인 바랍니다.<\n>,CHECK	,
OK,9,DI_RF_SYS - Heavy Interlock Sensor Active !,Interlock Sensor 상태를 확인 바랍니다.<\n>,CHECK	,
OK,29,DI_RF_SYS - Light Interlock Sensor Active !,Interlock Sensor 상태를 확인 바랍니다.<\n>,CHECK	,
OK,10,DI_RF_SYS - Heavy Interlock Sensor Active !,Interlock Sensor 상태를 확인 바랍니다.<\n>,CHECK	,
OK,30,DI_RF_SYS - Light Interlock Sensor Active !,Interlock Sensor 상태를 확인 바랍니다.<\n>,CHECK	,
OK,11,DI_RF_SYS - Heavy Interlock Sensor Active !,Interlock Sensor 상태를 확인 바랍니다.<\n>,CHECK	,
OK,31,DI_RF_SYS - Light Interlock Sensor Active !,Interlock Sensor 상태를 확인 바랍니다.<\n>,CHECK	,
OK,12,DI_RF_SYS - Heavy Interlock Sensor Active !,Interlock Sensor 상태를 확인 바랍니다.<\n>,CHECK	,
OK,32,DI_RF_SYS - Light Interlock Sensor Active !,Interlock Sensor 상태를 확인 바랍니다.<\n>,CHECK	,
OK,13,DI_RF_SYS - Heavy Interlock Sensor Active !,Interlock Sensor 상태를 확인 바랍니다.<\n>,CHECK	,
OK,33,DI_RF_SYS - Light Interlock Sensor Active !,Interlock Sensor 상태를 확인 바랍니다.<\n>,CHECK	,
OK,14,DI_RF_SYS - Heavy Interlock Sensor Active !,Interlock Sensor 상태를 확인 바랍니다.<\n>,CHECK	,
OK,34,DI_RF_SYS - Light Interlock Sensor Active !,Interlock Sensor 상태를 확인 바랍니다.<\n>,CHECK	,
OK,15,DI_RF_SYS - Heavy Interlock Sensor Active !,Interlock Sensor 상태를 확인 바랍니다.<\n>,CHECK	,
OK,35,DI_RF_SYS - Light Interlock Sensor Active !,Interlock Sensor 상태를 확인 바랍니다.<\n>,CHECK	,
OK,16,DI_RF_SYS - Heavy Interlock Sensor Active !,Interlock Sensor 상태를 확인 바랍니다.<\n>,CHECK	,
OK,36,DI_RF_SYS - Light Interlock Sensor Active !,Interlock Sensor 상태를 확인 바랍니다.<\n>,CHECK	,
OK,17,DI_RF_SYS - Heavy Interlock Sensor Active !,Interlock Sensor 상태를 확인 바랍니다.<\n>,CHECK	,
OK,37,DI_RF_SYS - Light Interlock Sensor Active !,Interlock Sensor 상태를 확인 바랍니다.<\n>,CHECK	,
OK,18,DI_RF_SYS - Heavy Interlock Sensor Active !,Interlock Sensor 상태를 확인 바랍니다.<\n>,CHECK	,
OK,38,DI_RF_SYS - Light Interlock Sensor Active !,Interlock Sensor 상태를 확인 바랍니다.<\n>,CHECK	,
OK,19,DI_RF_SYS - Heavy Interlock Sensor Active !,Interlock Sensor 상태를 확인 바랍니다.<\n>,CHECK	,
OK,39,DI_RF_SYS - Light Interlock Sensor Active !,Interlock Sensor 상태를 확인 바랍니다.<\n>,CHECK	,
OK,20,DI_RF_SYS - Heavy Interlock Sensor Active !,Interlock Sensor 상태를 확인 바랍니다.<\n>,CHECK	,
OK,40,DI_RF_SYS - Light Interlock Sensor Active !,Interlock Sensor 상태를 확인 바랍니다.<\n>,CHECK	,

OBJECT_NAME : FNC_CHM,
OK,1,FNC_CHM - ATM Pressure Time-Out !,Please	 check the chamber's pressure.<\n>,RETRY	ABORT	,
OK,2,FNC_CHM - Soft Venting Time-Out !,Please	 check the chamber's pressure.<\n>,RETRY	ABORT	,
OK,3,FNC_CHM - Soft Pumping Time-Out !,Please	 check the chamber's pressure.<\n>,RETRY	ABORT	,
OK,4,FNC_CHM - Low Vacuum Time-Out !,Please	 check the chamber's pressure.<\n>,RETRY	ABORT	,
OK,5,FNC_CHM - High Vacuum Time-Out !,Please	 check the chamber's pressure.<\n>,RETRY	ABORT	,
OK,6,FNC_CHM - Foreline Pumping Time-Out !,Please	 check the chamber's pressure.<\n>,RETRY	ABORT	,
OK,7,FNC_CHM - Foreline Over-Pumping Time-Out !,Please	 check the chamber's pressure.<\n>,RETRY	ABORT	,
OK,8,FNC_CHM - Foreline Pressure Sensor and Value Check Timeout,Please	 check the CM3S1 Sensor and Pressure Value,RETRY	ABORT	,
OK,9,FNC_CHM - Vacuum Sensor & Foreline Pressure Sensor Check Timeout,Please	 check the Vacuum Sensor & CM3S1 Pressure Sensor,RETRY	ABORT	,
OK,10,FNC_CHM - Chamber Pressure Sensor Check Timeout,Please	 Check the Chamber Vacuum Sensor.,RETRY	ABORT	,
OK,11,FNC_CHM - Process Pressure Sensor Check TImeout,Please	 Check the Chamber Vacuum Sensor.,RETRY	ABORT	,
OK,12,FNC_CHM - ATM Sensor Check timeout,Please	 check the ATM Sensor,RETRY	ABORT	,
OK,13,FNC_CHM - PMC's slot valve is not closed !,Please	 check the pmc's slot valve.<\n>,RETRY	ABORT	IGNORE	,
OK,30,FNC_CHM - PMC's shutter valve is not closed !,Please	 check the pmc's shutter valve.<\n>,RETRY	ABORT	,
OK,14,FNC_CHM - RF Contact Enable Timeout,Please	 RF Contact Status,RETRY	ABORT	,
OK,15,FNC_CHM - APC Valve Close Condition Occur.,Now.. Chamber Pressure is higher than (CM2 SW1) or (CM2 SW2) Config Value..<\n>For Safety	 APC Valve Will be Closed !!<\n>,CHECK	,
OK,16,FNC_CHM - Manometer Isolation Valve Close Condition Occur.,Now.. Chamber Pressure is higher than (CM2 SW2) Config Value..<\n>For Safety	 Manometer Isolation Valve Will be Closed !!<\n>,CHECK	,
OK,18,FNC_CHM - During Venting	 Vacuum Sensor Off Timeout.,Now.. Chamber Vacuum Sensor is not False whith a config timeout.<\n>Please	 Check Sensor Status !!<\n>,RETRY	ABORT	,
OK,19,FNC_CHM - During Venting	 ATM Sensor On Timeout.,Now.. Chamber Atm Sensor is not True whith a config timeout.<\n>Please	 Check Sensor Status !!<\n>,RETRY	ABORT	,
OK,20,FNC_CHM - Leak Check	 Max Pressure Alarm,During Leak Checking	 Current Chamber Pressure is higher than config value.<\n>Please	 Check Chamber Pressure Status !!<\n>,ABORT	,
OK,21,FNC_CHM - Leak Check Result Value is abnormal Alarm,After Leak Checking	 Leak Rate Result is higher than config value.<\n>Please	 Check Chamber Pressure Status !!<\n>,ABORT	,
OK,34,FNC_CHM - Leak Check with VAT valve position moving is start pressure over !,VAT valve관련 H/W를 확인해 주시기 바랍니다. <\n>VAT 관련된 부위에 LEAK이 있는 것 같습니다. <\n>,ABORT	,
OK,22,FNC_CHM - Main Water Leak Detect Alarm,Please	 Check Water Leak Detect Status !!<\n>,CHECK	,
OK,23,FNC_CHM - RF Contactor Automatically Off Condition Occur.,Please	 Check RF and Matcher Offline Status !!<\n>,CHECK	,
OK,24,FNC_CHM - RF Contactor Automatically Off Condition Occur.,Please	 Check Chamber Vacuum Status !!<\n>,CHECK	,
OK,25,FNC_CHM - RF Contactor Automatically Off Condition Occur.,Please	 Check Dry Pump Power Status !!<\n>,CHECK	,
OK,26,FNC_CHM - RF Matcher Alarm Not Normal Status.,Please	 Check Matcher Alarm Status !!<\n>,CHECK	,
OK,27,FNC_CHM - VAC Sensor Checking Timeout.,Please	 Check VAC Sensor Status !!<\n>,CHECK	,
OK,29,FNC_CHM - The state of Dry-Pump is not On !,Please	 Check the state of Dry-Pump ! <\n>,ABORT	,
OK,32,FNC_CHM - Top Plate Temperature must be less than 60 C.,If you want to execute "venting sequence"	 <\n>You must set the temperature of top plate to less than 60 C. <\n>,CHECK	,
OK,33,FNC_CHM - Current PMC's status is "ATM MAINT".,Please	 convert "ATM Maint"'s status from "YES" to "NO". <\n>There is "ATM Maint" button in PMC maint page. <\n>,CHECK	,
OK,41,FNC_CHM - The slot-valve of chamber is not closed !,Please	 close the slot-valve of chamber. <\n>,ABORT	RETRY	,
OK,42,FNC_CHM - The lid of chamber is not closed !,Please	 close the lid of chamber. <\n>,ABORT	RETRY	,

OBJECT_NAME : FNC_GAS_VLV_CTRL,
OK,1,FNC_GAS_VLV_CTRL - Chamber가 Pumping 상태가 아닙니다. <\n>,Chamber Pumping 후에 작업을 진행하시기 바랍니다.<\n>,RETRY	ABORT	,

OBJECT_NAME : FNC_PROC,
OK,1,FNC_PROC - Process recipe does not exist.,Please	 check process recipe file.<\n>,ABORT	RETRY	,
OK,2,FNC_PROC - Check Process Recovery Action !,Please	 check process recovery action.<\n>If you select [RESTART]					the process will restart after system initialize.<\n>If you select [ABORT]					the process will be aborted.<\n>If you select [JUMP]						the step that you select will be executed.<\n>If you select [END]						Without Plasma Dechuck.. the process will be normally completed.<\n>If you select [END_WITH_PLASMA_DECHUCK]	       With Plasma Dechuck recipe will be executed.<\n>,RESTART	ABORT	JUMP	END	PLASMA_DECHUCK	,
OK,3,FNC_PROC - Check Process Recovery Action !,Please	 check process recovery action.<\n>If you select [RESTART]					the process will restart after system initialize.<\n>If you select [ABORT]					the process will be aborted.<\n>If you select [JUMP]						the step that you select will be executed.<\n>If you select [END]						Without Plasma Dechuck.. the process will be normally completed.<\n>,RESTART	ABORT	JUMP	END	,
OK,4,FNC_PROC - Process [Plasma Dechuck] recipe does not exist.,Please	 check [Plasma Dechuck] recipe file.<\n>,RETRY	ABORT	,
OK,5,FNC_PROC - Process [Plasma Dechuck] Sequence Failed.,You must execute plasma dechuck sequence <\n><\n>If you don't	 Wafer may be broken in the chamber. <\n>,CLEAR	,
OK,6,FNC_PROC - Process recipe file is being changed	 now. <\n>,The process will run after recipe file save. <\n>Please	 wait or recipe file. <\n>,CLEAR	,
OK,7,FNC_PROC - Do you want to convert the status of wafer ? <\n>,If you click "YES"	 the status of wafer will be converted to "PROCESSED". <\n>If you click "NO"	  the status of wafer will be not changed. <\n>,YES	NO	,
OK,8,FNC_PROC - Do you want to proceed the re-processing of wafer ?,If you click "YES"	 the process will be proceeded. <\n>If you click "NO"	  the process will be aborted. <\n>,YES	NO	,
OK,9,FNC_PROC - The step size of process recipe is not correct !,,RETRY	ABORT	,
OK,10,FNC_PROC - Process를 진행할 상태가 아닙니다.,PM Slot은 Close 상태이어야 합니다. <\n>Lift_Pin은 Down 상태이어야 합니다. <\n>,RETRY	ABORT	,
OK,11,FNC_PROC - DI Sensor 관련 Heavy Error가 발생 했습니다.,Process를 진행 할 수 없습니다.<\n>,CHECK	,

OBJECT_NAME : FNC_STEP,
OK,1,FNC_STEP - STEP OVERTIME ALARM.,Process Step Time-Over Alarm Message.<\n>Check Process Step time and Control time.,CLEAR	,
OK,2,FNC_STEP - STABLE OVERTIME ALARM.,Process Stable Step Time-over Alarm Message.<\n>Check Process Stable Step time and Control time.,CLEAR	,
OK,3,FNC_STEP - OBJECT OVERTIME ALARM.,Object control time must be less than process step time ! <\n>,CLEAR	,
OK,4,FNC_STEP - Temperature stable timeout error In the step preparation.,Please	 check the current temperature of system and temperature parameter in 1st step recipe ! <\n>,CLEAR	,
OK,5,FNC_STEP - Temperature stable timeout warning In the step preparation.,Please	 check the current temperature of system and temperature parameter in 1st step recipe ! <\n>,CLEAR	,
OK,6,FNC_STEP - Step parameter setting error !,Please	 check the step parameter in recipe. <\n>,CLEAR	,

OBJECT_NAME : FNC_SYSTEM,
OK,1,FNC_SYSTEM : SYSTEM INIT FAILED.,System Component Initialize Action Failed.,CHECK	,

OBJECT_NAME : FNC_TRANSFER,
OK,1,FNC_TRANSFER - RF POWER STATUS ALARM,RF Power Status Error.,RETRY	ABORT	,
OK,2,FNC_TRANSFER - ESC POWER STATUS ALARM,ESC Power Status Error.<\n>Please Check ESC Power Status.,RETRY	ABORT	,

OBJECT_NAME : MNG_AUTO_PM,
OK,1,MNG_AUTO_PM - OBJECT MODE : UNKNOWN,,ABORT	,
OK,2,MNG_AUTO_PM - AUTO PM : Utility Program Can't run !,,CHECK	,

OBJECT_NAME : MNG_GAUGE_CHECK,
OK,1,MNG_GAUGE_CHECK - OBJECT MODE : UNKNOWN,,ABORT	,
OK,2,MNG_GAUGE_CHECK - APC Conductance : Utility Program Can't run !,,CHECK	,
OK,3,MNG_GAUGE_CHECK - APC Conductance : Range Error !,,CHECK	,

OBJECT_NAME : MNG_MFC_FLOW,
OK,1,MNG_MFC_FLOW - OBJECT MODE : UNKNOWN,,ABORT	,
OK,2,MNG_MFC_FLOW - MFC Partial & CAL. : Utility Program Can't run !,,CHECK	,
OK,3,MNG_MFC_FLOW - MFC FLOW CHECK Timeout !,,CHECK	,
OK,4,MNG_MFC_FLOW - MFC FLOW MAX. GAS CAL. FLOW : ERROR !,,CHECK	,
OK,11,MNG_MFC_FLOW - MFC1's Calibration : Low Warning.,,CHECK	,
OK,12,MNG_MFC_FLOW - MFC2's Calibration : Low Warning.,,CHECK	,
OK,13,MNG_MFC_FLOW - MFC3's Calibration : Low Warning.,,CHECK	,
OK,14,MNG_MFC_FLOW - MFC4's Calibration : Low Warning.,,CHECK	,
OK,15,MNG_MFC_FLOW - MFC5's Calibration : Low Warning.,,CHECK	,
OK,16,MNG_MFC_FLOW - MFC6's Calibration : Low Warning.,,CHECK	,
OK,17,MNG_MFC_FLOW - MFC7's Calibration : Low Warning.,,CHECK	,
OK,18,MNG_MFC_FLOW - MFC8's Calibration : Low Warning.,,CHECK	,
OK,19,MNG_MFC_FLOW - MFC9's Calibration : Low Warning.,,CHECK	,
OK,20,MNG_MFC_FLOW - MFC10's Calibration : Low Warning.,,CHECK	,
OK,21,MNG_MFC_FLOW - MFC11's Calibration : Low Warning.,,CHECK	,
OK,22,MNG_MFC_FLOW - MFC12's Calibration : Low Warning.,,CHECK	,
OK,23,MNG_MFC_FLOW - MFC13's Calibration : Low Warning.,,CHECK	,
OK,24,MNG_MFC_FLOW - MFC14's Calibration : Low Warning.,,CHECK	,
OK,25,MNG_MFC_FLOW - MFC15's Calibration : Low Warning.,,CHECK	,
OK,26,MNG_MFC_FLOW - MFC16's Calibration : Low Warning.,,CHECK	,
OK,27,MNG_MFC_FLOW - MFC17's Calibration : Low Warning.,,CHECK	,
OK,31,MNG_MFC_FLOW - MFC1's Calibration : High Warning.,,CHECK	,
OK,32,MNG_MFC_FLOW - MFC2's Calibration : High Warning.,,CHECK	,
OK,33,MNG_MFC_FLOW - MFC3's Calibration : High Warning.,,CHECK	,
OK,34,MNG_MFC_FLOW - MFC4's Calibration : High Warning.,,CHECK	,
OK,35,MNG_MFC_FLOW - MFC5's Calibration : High Warning.,,CHECK	,
OK,36,MNG_MFC_FLOW - MFC6's Calibration : High Warning.,,CHECK	,
OK,37,MNG_MFC_FLOW - MFC7's Calibration : High Warning.,,CHECK	,
OK,38,MNG_MFC_FLOW - MFC8's Calibration : High Warning.,,CHECK	,
OK,39,MNG_MFC_FLOW - MFC9's Calibration : High Warning.,,CHECK	,
OK,40,MNG_MFC_FLOW - MFC10's Calibration : High Warning.,,CHECK	,
OK,41,MNG_MFC_FLOW - MFC11's Calibration : High Warning.,,CHECK	,
OK,42,MNG_MFC_FLOW - MFC12's Calibration : High Warning.,,CHECK	,
OK,43,MNG_MFC_FLOW - MFC13's Calibration : High Warning.,,CHECK	,
OK,44,MNG_MFC_FLOW - MFC14's Calibration : High Warning.,,CHECK	,
OK,45,MNG_MFC_FLOW - MFC15's Calibration : High Warning.,,CHECK	,
OK,46,MNG_MFC_FLOW - MFC16's Calibration : High Warning.,,CHECK	,
OK,47,MNG_MFC_FLOW - MFC17's Calibration : High Warning.,,CHECK	,
OK,51,MNG_MFC_FLOW - MFC1's Calibration : Low Error.,,CHECK	,
OK,52,MNG_MFC_FLOW - MFC2's Calibration : Low Error.,,CHECK	,
OK,53,MNG_MFC_FLOW - MFC3's Calibration : Low Error.,,CHECK	,
OK,54,MNG_MFC_FLOW - MFC4's Calibration : Low Error.,,CHECK	,
OK,55,MNG_MFC_FLOW - MFC5's Calibration : Low Error.,,CHECK	,
OK,56,MNG_MFC_FLOW - MFC6's Calibration : Low Error.,,CHECK	,
OK,57,MNG_MFC_FLOW - MFC7's Calibration : Low Error.,,CHECK	,
OK,58,MNG_MFC_FLOW - MFC8's Calibration : Low Error.,,CHECK	,
OK,59,MNG_MFC_FLOW - MFC9's Calibration : Low Error.,,CHECK	,
OK,60,MNG_MFC_FLOW - MFC10's Calibration : Low Error.,,CHECK	,
OK,61,MNG_MFC_FLOW - MFC11's Calibration : Low Error.,,CHECK	,
OK,62,MNG_MFC_FLOW - MFC12's Calibration : Low Error.,,CHECK	,
OK,63,MNG_MFC_FLOW - MFC13's Calibration : Low Error.,,CHECK	,
OK,64,MNG_MFC_FLOW - MFC14's Calibration : Low Error.,,CHECK	,
OK,65,MNG_MFC_FLOW - MFC15's Calibration : Low Error.,,CHECK	,
OK,66,MNG_MFC_FLOW - MFC16's Calibration : Low Error.,,CHECK	,
OK,67,MNG_MFC_FLOW - MFC17's Calibration : Low Error.,,CHECK	,
OK,71,MNG_MFC_FLOW - MFC1's Calibration : High Error.,,CHECK	,
OK,72,MNG_MFC_FLOW - MFC2's Calibration : High Error.,,CHECK	,
OK,73,MNG_MFC_FLOW - MFC3's Calibration : High Error.,,CHECK	,
OK,74,MNG_MFC_FLOW - MFC4's Calibration : High Error.,,CHECK	,
OK,75,MNG_MFC_FLOW - MFC5's Calibration : High Error.,,CHECK	,
OK,76,MNG_MFC_FLOW - MFC6's Calibration : High Error.,,CHECK	,
OK,77,MNG_MFC_FLOW - MFC7's Calibration : High Error.,,CHECK	,
OK,78,MNG_MFC_FLOW - MFC8's Calibration : High Error.,,CHECK	,
OK,79,MNG_MFC_FLOW - MFC9's Calibration : High Error.,,CHECK	,
OK,80,MNG_MFC_FLOW - MFC10's Calibration : High Error.,,CHECK	,
OK,81,MNG_MFC_FLOW - MFC11's Calibration : High Error.,,CHECK	,
OK,82,MNG_MFC_FLOW - MFC12's Calibration : High Error.,,CHECK	,
OK,83,MNG_MFC_FLOW - MFC13's Calibration : High Error.,,CHECK	,
OK,84,MNG_MFC_FLOW - MFC14's Calibration : High Error.,,CHECK	,
OK,85,MNG_MFC_FLOW - MFC15's Calibration : High Error.,,CHECK	,
OK,86,MNG_MFC_FLOW - MFC16's Calibration : High Error.,,CHECK	,
OK,87,MNG_MFC_FLOW - MFC17's Calibration : High Error.,,CHECK	,

OBJECT_NAME : MNG_RF_CHECK,
OK,1,MNG_RF_CHECK - OBJECT MODE : UNKNOWN,,ABORT	,
OK,2,MNG_RF_CHECK - RFx CHECK : Utility Program Can't run !,,CHECK	,
OK,3,MNG_RF_CHECK - Now	 RF Type can be changed !,Please	 change RF type after RF Checking sequence is completed. <\n>,CHECK	,
OK,4,MNG_RF_CHECK - Now	 chamber's pressure status is not VAC. <\n>,To check the RF linearity	 the chamber's status must be VAC. <\n>Please	 check VAC sensor. <\n>,CHECK	,

OBJECT_NAME : MNG_VAT_CONDUCTANCE,
OK,1,MNG_VAT_CONDUCTANCE - OBJECT MODE : UNKNOWN,,ABORT	,
OK,2,MNG_VAT_CONDUCTANCE - APC Conductance : Utility Program Can't run !,,CHECK	,
OK,3,MNG_VAT_CONDUCTANCE - APC Conductance : Range Error !,,CHECK	,

OBJECT_NAME : OPR_PMC,
OK,1,OPR_PMC - In PMC	 there is a wafer that not processed.,If you click "IGNORE"	 the status of system will be converted to "STANDBY". <\n>If you click "ABORT"	  the status of system will be not initialized. <\n>,ABORT	IGNORE	,
OK,2,OPR_PMC - Total Wafer Count Warning !,Please	 check state of PMC. <\n>,CHECK	,
OK,3,OPR_PMC - Total Wafer Count & System Down  !,The state of PMC can't be converted to "STANDBY" state. <\n>Please	 check state of PMC. <\n>,CHECK	,
OK,5,OPR_PMC - DI Sensor 관련 Heavy Error가 발생 했습니다.,System Initial을 진행 할 수 없습니다.<\n>,CHECK	,

OBJECT_NAME : PHY_CHM_IO,
OK,1,PHY_CHM_IO - Monitoring Interlock Disable !,Config Page에서 Monitoring Interlock를 Disable 설정했습니다.<\n>이 Object에서 관리하는 모든 Monitoring Alarm들이 정지 됩니다.<\n>,CHECK	,

OBJECT_NAME : PHY_EPD,
OK,1,PHY_EPD - EPD Detect Maximum Timeout !,,CHECK	,
OK,2,PHY_EPD - EPD Detect : Unknown Slope Direction !,,CHECK	,
OK,3,PHY_EPD - EPD Detect : Minimum Timeout !,,CHECK	,
OK,5,PHY_EPD - EPD Error Range !,Please	 check the state of EPD ! <\n>,CHECK	,

OBJECT_NAME : PHY_ESC,
OK,1,PHY_ESC - ESC Chuck Status is Unknown !,Please	 check current chuck-status ! <\n>,RETRY	ABORT	,
OK,2,PHY_ESC - ESC Chuck Error : Chamber pressure is not vacuum !,Please	 check pressure in chamber ! <\n>,CLEAR	,
OK,3,PHY_ESC - ESC Chuck Error : There is no wafer !,Please	 check wafer in chamber ! <\n>,CLEAR	,
OK,4,PHY_ESC - ESC Chuck Center Voltage : MIN. Error !,Please	 check esc center config ! <\n>,CLEAR	,
OK,5,PHY_ESC - ESC Chuck Center Voltage : MAX. Error !,Please	 check esc center config ! <\n>,CLEAR	,
OK,31,PHY_ESC - ESC_Center voltage is in warning range !,Please	 check ESC_Center voltage ! <\n>,CLEAR	,
OK,33,PHY_ESC - ESC_Center voltage is in fault range !,Please	 check ESC_Center voltage ! <\n>,CLEAR	,
OK,35,PHY_ESC - ESC_Center voltage high limit !,Please	 check ESC_Center voltage ! <\n>,CLEAR	,
OK,37,PHY_ESC - ESC_Center current high limit !,Please	 check ESC_Center current ! <\n>,CLEAR	,
OK,6,PHY_ESC - ESC Chuck Edge Voltage : MIN. Error !,Please	 check esc edge config ! <\n>,CLEAR	,
OK,7,PHY_ESC - ESC Chuck Edge Voltage : MAX. Error !,Please	 check esc edge config ! <\n>,CLEAR	,
OK,32,PHY_ESC - ESC_Edge voltage is in warning range !,Please	 check ESC_Edge voltage ! <\n>,CLEAR	,
OK,34,PHY_ESC - ESC_Edge voltage is in fault range !,Please	 check ESC_Edge voltage ! <\n>,CLEAR	,
OK,36,PHY_ESC - ESC_Edge voltage high limit !,Please	 check ESC_Edge voltage ! <\n>,CLEAR	,
OK,38,PHY_ESC - ESC_Edge current high limit !,Please	 check ESC_Edge current ! <\n>,CLEAR	,
OK,25,PHY_ESC - He Center Pressure Warning !,Please	 check he center pressure ! <\n>,CLEAR	,
OK,27,PHY_ESC - He Center Pressure Fault !,Please	 check he center pressure ! <\n>,CLEAR	,
OK,26,PHY_ESC - He Edge Pressure Warning !,Please	 check he edge pressure ! <\n>,CLEAR	,
OK,28,PHY_ESC - He Edge Pressure Fault !,Please	 check he edge pressure ! <\n>,CLEAR	,
OK,21,PHY_ESC - He Center Flow Min. Threshold Error !,Please	 check he center flow ! <\n>,CLEAR	,
OK,22,PHY_ESC - He Center Flow Max. Threshold Error !,Please	 check he center flow ! <\n>,CLEAR	,
OK,23,PHY_ESC - He Edge Flow Min. Threshold Error !,Please	 check he edge flow ! <\n>,CLEAR	,
OK,24,PHY_ESC - He Edge Flow Max. Threshold Error !,Please	 check he edger flow ! <\n>,CLEAR	,
OK,14,PHY_ESC - Wafer가 Dechuck된 상태가 아닙니다 !,Wafer Minimum Leak Error ! <\n>Please	 check He flow! <\n>,CLEAR	,
OK,15,PHY_ESC - Wafer Maximum Leak Error !,Please	 check He flow ! <\n>,CLEAR	,
OK,8,PHY_ESC - Shutter not close !,Shutter가 닫힌 상태인지? 확인 바랍니다 ! <\n>,CLEAR	,
OK,9,PHY_ESC - Slot-Valve not close !,Slot-Valve가 닫힌 상태인지? 확인 바랍니다 ! <\n>,CLEAR	,
OK,11,PHY_ESC - He pressure Max. error !,Please	 check he pressure ! <\n>,CLEAR	,
OK,12,PHY_ESC - Helium center config range error !,Please	 check helium center flow ! <\n>Helium center flow config condition is as followings : <\n>   1. Helium center pressure is set to 4.0 torr. <\n>   2. Get the flow of helium center bypass. <\n>   3. The flow of helium center bypass must be in (3.1 ~ 3.6) sccm range. <\n>,CLEAR	,
OK,41,PHY_ESC - Helium setting error !,Process 중에 Helium 설정 값을 변경하는 작업을 할 수 없습니다. <\n>ESC 상태가 "Chucked"인 상태에서만 가능합니다. <\n>,CLEAR	,
OK,51,PHY_ESC - All Interlock Disable !,모든 Interlock이 Disable 된 상태입니다. <\n>계속 진행 할까요? <\n>,YES	NO	,
OK,52,PHY_ESC - Vacuum Interlock Disable !,Vacuum Interlock이 Disable 된 상태입니다. <\n>계속 진행 할까요? <\n>,YES	NO	,
OK,53,PHY_ESC - Wafer Interlock Disable !,Wafer Interlock이 Disable 된 상태입니다. <\n>계속 진행 할까요? <\n>,YES	NO	,
OK,54,PHY_ESC - Chamber-Isolation Interlock Disable !,Chamber-Isolation Interlock이 Disable 된 상태입니다. <\n>계속 진행 할까요? <\n>,YES	NO	,

OBJECT_NAME : PHY_HTR_SH,
OK,1,PHY_HTR_SH : Loop1 Warning !,Please	 check the state of loop ! <\n>,CLEAR	,
OK,11,PHY_HTR_SH : Loop1 Fault !,Please	 check the state of loop ! <\n>,CLEAR	,
OK,21,PHY_HTR_SH : Max. Diff Temperature Error !,온도차를 확인 바랍니다. <\n>,CLEAR	,
OK,22,PHY_HTR_SH : Temperature High Limit !,온도를 확인 바랍니다. <\n>,CLEAR	,
OK,23,PHY_HTR_SH : Output-Power High Limit !,Working Power를 확인 바랍니다. <\n>,CLEAR	,
OK,24,PHY_HTR_SH : Initial-Heating Timeout Occurred !,온도를 확인 바랍니다. <\n>,CLEAR	,
OK,25,PHY_HTR_SH : Heating Timeout Occurred !,온도를 확인 바랍니다. <\n>,CLEAR	,
OK,26,PHY_HTR_SH : Max. Deviation Occurred !,온도를 확인 바랍니다. <\n>,CLEAR	,
OK,31,PHY_HTR_SH : H/W Alarm Occurred (Bit : 00) !,H/W Alarm(Bit : 00)이 발생 했습니다. <\n>,CLEAR	,
OK,32,PHY_HTR_SH : H/W Alarm Occurred (Bit : 01) !,H/W Alarm(Bit : 01)이 발생 했습니다. <\n>,CLEAR	,
OK,33,PHY_HTR_SH : H/W Alarm Occurred (Bit : 02) !,H/W Alarm(Bit : 02)이 발생 했습니다. <\n>,CLEAR	,
OK,34,PHY_HTR_SH : H/W Alarm Occurred (Bit : 03) !,H/W Alarm(Bit : 03)이 발생 했습니다. <\n>,CLEAR	,
OK,35,PHY_HTR_SH : H/W Alarm Occurred (Bit : 04) !,H/W Alarm(Bit : 04)이 발생 했습니다. <\n>,CLEAR	,
OK,36,PHY_HTR_SH : H/W Alarm Occurred (Bit : 05) !,H/W Alarm(Bit : 05)이 발생 했습니다. <\n>,CLEAR	,
OK,37,PHY_HTR_SH : H/W Alarm Occurred (Bit : 06) !,H/W Alarm(Bit : 06)이 발생 했습니다. <\n>,CLEAR	,

OBJECT_NAME : PHY_HTR_WALL,
OK,1,PHY_HTR_WALL : Loop1 Warning !,Please	 check the state of loop ! <\n>,CLEAR	,
OK,11,PHY_HTR_WALL : Loop1 Fault !,Please	 check the state of loop ! <\n>,CLEAR	,
OK,21,PHY_HTR_WALL : Max. Diff Temperature Error !,온도차를 확인 바랍니다. <\n>,CLEAR	,
OK,22,PHY_HTR_WALL : Temperature High Limit !,온도를 확인 바랍니다. <\n>,CLEAR	,
OK,23,PHY_HTR_WALL : Output-Power High Limit !,Working Power를 확인 바랍니다. <\n>,CLEAR	,
OK,24,PHY_HTR_WALL : Initial-Heating Timeout Occurred !,온도를 확인 바랍니다. <\n>,CLEAR	,
OK,25,PHY_HTR_WALL : Heating Timeout Occurred !,온도를 확인 바랍니다. <\n>,CLEAR	,
OK,26,PHY_HTR_WALL : Max. Deviation Occurred !,온도를 확인 바랍니다. <\n>,CLEAR	,
OK,31,PHY_HTR_WALL : H/W Alarm Occurred (Bit : 00) !,H/W Alarm(Bit : 00)이 발생 했습니다. <\n>,CLEAR	,
OK,32,PHY_HTR_WALL : H/W Alarm Occurred (Bit : 01) !,H/W Alarm(Bit : 01)이 발생 했습니다. <\n>,CLEAR	,
OK,33,PHY_HTR_WALL : H/W Alarm Occurred (Bit : 02) !,H/W Alarm(Bit : 02)이 발생 했습니다. <\n>,CLEAR	,
OK,34,PHY_HTR_WALL : H/W Alarm Occurred (Bit : 03) !,H/W Alarm(Bit : 03)이 발생 했습니다. <\n>,CLEAR	,
OK,35,PHY_HTR_WALL : H/W Alarm Occurred (Bit : 04) !,H/W Alarm(Bit : 04)이 발생 했습니다. <\n>,CLEAR	,
OK,36,PHY_HTR_WALL : H/W Alarm Occurred (Bit : 05) !,H/W Alarm(Bit : 05)이 발생 했습니다. <\n>,CLEAR	,
OK,37,PHY_HTR_WALL : H/W Alarm Occurred (Bit : 06) !,H/W Alarm(Bit : 06)이 발생 했습니다. <\n>,CLEAR	,

OBJECT_NAME : PHY_LIFT_PIN,
OK,1,PHY_LIFT_PIN -  PIN LIFTER - Action Timeout ALARM.,Please	 Check the I/O Module & PIN Lifter.,CHECK	,
OK,4,PHY_LIFT_PIN -  PIN LIFTER - Action Timeout ALARM.,Please	 Check the I/O Module & PIN Lifter.,RETRY	ABORT	,
OK,2,PHY_LIFT_PIN -  PIN LIFTER - Chuck Status ALARM.,Please	 Check the Chucking Status.,CHECK	,
OK,3,PHY_LIFT_PIN -  PIN LIFTER - ESC VOLTAGE PIN UP THRESHOLD ALARM.,Please	 Check ESC Voltage.,CHECK	,

OBJECT_NAME : PHY_MFC1,
OK,2,PHY_MFC1 - In MFC config page	 MFC's use is selected to "YES".,Please	 check MFC's Use Option in the config page. <\n>,CHECK	,
OK,1,PHY_MFC1 - MFC Flow Control Aborted !.,MFC Control Error !.<\n>Please	 check H/W MFC controller.,CLEAR	,
OK,3,PHY_MFC1 - MFC Flow Control Warning Range Alarm.,MFC Flow Control was over the Warning Range..<\n>,CLEAR	,
OK,4,PHY_MFC1 - MFC Flow Control Abort Range Alarm.,Flow Control was over the Abort Range..<\n>For Safety	 MFC Flow Will be Stopped !!<\n>,CLEAR	,
OK,5,PHY_MFC1 - During Idle	 MFC Flow Control Warning Range Alarm.,Flow Control was over the Warning Range..<\n>,CLEAR	,
OK,6,PHY_MFC1 - During Idle	 MFC Flow Control Abort Range Alarm.,Flow Control was over the Abort Range..<\n>For Safety	 MFC Flow Will be Stopped !!<\n>,CLEAR	,

OBJECT_NAME : PHY_MFC10,
OK,2,PHY_MFC10 - In MFC config page	 MFC's use is selected to "YES".,Please	 check MFC's Use Option in the config page. <\n>,CHECK	,
OK,1,PHY_MFC10 - MFC Flow Control Aborted !.,MFC Control Error !.<\n>Please	 check H/W MFC controller.,CLEAR	,
OK,3,PHY_MFC10 - MFC Flow Control Warning Range Alarm.,MFC Flow Control was over the Warning Range..<\n>,CLEAR	,
OK,4,PHY_MFC10 - MFC Flow Control Abort Range Alarm.,Flow Control was over the Abort Range..<\n>For Safety	 MFC Flow Will be Stopped !!<\n>,CLEAR	,
OK,5,PHY_MFC10 - During Idle	 MFC Flow Control Warning Range Alarm.,Flow Control was over the Warning Range..<\n>,CLEAR	,
OK,6,PHY_MFC10 - During Idle	 MFC Flow Control Abort Range Alarm.,Flow Control was over the Abort Range..<\n>For Safety	 MFC Flow Will be Stopped !!<\n>,CLEAR	,

OBJECT_NAME : PHY_MFC11,
OK,2,PHY_MFC11 - In MFC config page	 MFC's use is selected to "YES".,Please	 check MFC's Use Option in the config page. <\n>,CHECK	,
OK,1,PHY_MFC11 - MFC Flow Control Aborted !.,MFC Control Error !.<\n>Please	 check H/W MFC controller.,CLEAR	,
OK,3,PHY_MFC11 - MFC Flow Control Warning Range Alarm.,MFC Flow Control was over the Warning Range..<\n>,CLEAR	,
OK,4,PHY_MFC11 - MFC Flow Control Abort Range Alarm.,Flow Control was over the Abort Range..<\n>For Safety	 MFC Flow Will be Stopped !!<\n>,CLEAR	,
OK,5,PHY_MFC11 - During Idle	 MFC Flow Control Warning Range Alarm.,Flow Control was over the Warning Range..<\n>,CLEAR	,
OK,6,PHY_MFC11 - During Idle	 MFC Flow Control Abort Range Alarm.,Flow Control was over the Abort Range..<\n>For Safety	 MFC Flow Will be Stopped !!<\n>,CLEAR	,

OBJECT_NAME : PHY_MFC12,
OK,2,PHY_MFC12 - In MFC config page	 MFC's use is selected to "YES".,Please	 check MFC's Use Option in the config page. <\n>,CHECK	,
OK,1,PHY_MFC12 - MFC Flow Control Aborted !.,MFC Control Error !.<\n>Please	 check H/W MFC controller.,CLEAR	,
OK,3,PHY_MFC12 - MFC Flow Control Warning Range Alarm.,MFC Flow Control was over the Warning Range..<\n>,CLEAR	,
OK,4,PHY_MFC12 - MFC Flow Control Abort Range Alarm.,Flow Control was over the Abort Range..<\n>For Safety	 MFC Flow Will be Stopped !!<\n>,CLEAR	,
OK,5,PHY_MFC12 - During Idle	 MFC Flow Control Warning Range Alarm.,Flow Control was over the Warning Range..<\n>,CLEAR	,
OK,6,PHY_MFC12 - During Idle	 MFC Flow Control Abort Range Alarm.,Flow Control was over the Abort Range..<\n>For Safety	 MFC Flow Will be Stopped !!<\n>,CLEAR	,

OBJECT_NAME : PHY_MFC13,
OK,2,PHY_MFC13 - In MFC config page	 MFC's use is selected to "YES".,Please	 check MFC's Use Option in the config page. <\n>,CHECK	,
OK,1,PHY_MFC13 - MFC Flow Control Aborted !.,MFC Control Error !.<\n>Please	 check H/W MFC controller.,CLEAR	,
OK,3,PHY_MFC13 - MFC Flow Control Warning Range Alarm.,MFC Flow Control was over the Warning Range..<\n>,CLEAR	,
OK,4,PHY_MFC13 - MFC Flow Control Abort Range Alarm.,Flow Control was over the Abort Range..<\n>For Safety	 MFC Flow Will be Stopped !!<\n>,CLEAR	,
OK,5,PHY_MFC13 - During Idle	 MFC Flow Control Warning Range Alarm.,Flow Control was over the Warning Range..<\n>,CLEAR	,
OK,6,PHY_MFC13 - During Idle	 MFC Flow Control Abort Range Alarm.,Flow Control was over the Abort Range..<\n>For Safety	 MFC Flow Will be Stopped !!<\n>,CLEAR	,

OBJECT_NAME : PHY_MFC14,
OK,2,PHY_MFC14 - In MFC config page	 MFC's use is selected to "YES".,Please	 check MFC's Use Option in the config page. <\n>,CHECK	,
OK,1,PHY_MFC14 - MFC Flow Control Aborted !.,MFC Control Error !.<\n>Please	 check H/W MFC controller.,CLEAR	,
OK,3,PHY_MFC14 - MFC Flow Control Warning Range Alarm.,MFC Flow Control was over the Warning Range..<\n>,CLEAR	,
OK,4,PHY_MFC14 - MFC Flow Control Abort Range Alarm.,Flow Control was over the Abort Range..<\n>For Safety	 MFC Flow Will be Stopped !!<\n>,CLEAR	,
OK,5,PHY_MFC14 - During Idle	 MFC Flow Control Warning Range Alarm.,Flow Control was over the Warning Range..<\n>,CLEAR	,
OK,6,PHY_MFC14 - During Idle	 MFC Flow Control Abort Range Alarm.,Flow Control was over the Abort Range..<\n>For Safety	 MFC Flow Will be Stopped !!<\n>,CLEAR	,

OBJECT_NAME : PHY_MFC15,
OK,2,PHY_MFC15 - In MFC config page	 MFC's use is selected to "YES".,Please	 check MFC's Use Option in the config page. <\n>,CHECK	,
OK,1,PHY_MFC15 - MFC Flow Control Aborted !.,MFC Control Error !.<\n>Please	 check H/W MFC controller.,CLEAR	,
OK,3,PHY_MFC15 - MFC Flow Control Warning Range Alarm.,MFC Flow Control was over the Warning Range..<\n>,CLEAR	,
OK,4,PHY_MFC15 - MFC Flow Control Abort Range Alarm.,Flow Control was over the Abort Range..<\n>For Safety	 MFC Flow Will be Stopped !!<\n>,CLEAR	,
OK,5,PHY_MFC15 - During Idle	 MFC Flow Control Warning Range Alarm.,Flow Control was over the Warning Range..<\n>,CLEAR	,
OK,6,PHY_MFC15 - During Idle	 MFC Flow Control Abort Range Alarm.,Flow Control was over the Abort Range..<\n>For Safety	 MFC Flow Will be Stopped !!<\n>,CLEAR	,

OBJECT_NAME : PHY_MFC2,
OK,2,PHY_MFC2 - In MFC config page	 MFC's use is selected to "YES".,Please	 check MFC's Use Option in the config page. <\n>,CHECK	,
OK,1,PHY_MFC2 - MFC Flow Control Aborted !.,MFC Control Error !.<\n>Please	 check H/W MFC controller.,CLEAR	,
OK,3,PHY_MFC2 - MFC Flow Control Warning Range Alarm.,MFC Flow Control was over the Warning Range..<\n>,CLEAR	,
OK,4,PHY_MFC2 - MFC Flow Control Abort Range Alarm.,Flow Control was over the Abort Range..<\n>For Safety	 MFC Flow Will be Stopped !!<\n>,CLEAR	,
OK,5,PHY_MFC2 - During Idle	 MFC Flow Control Warning Range Alarm.,Flow Control was over the Warning Range..<\n>,CLEAR	,
OK,6,PHY_MFC2 - During Idle	 MFC Flow Control Abort Range Alarm.,Flow Control was over the Abort Range..<\n>For Safety	 MFC Flow Will be Stopped !!<\n>,CLEAR	,

OBJECT_NAME : PHY_MFC3,
OK,2,PHY_MFC3 - In MFC config page	 MFC's use is selected to "YES".,Please	 check MFC's Use Option in the config page. <\n>,CHECK	,
OK,1,PHY_MFC3 - MFC Flow Control Aborted !.,MFC Control Error !.<\n>Please	 check H/W MFC controller.,CLEAR	,
OK,3,PHY_MFC3 - MFC Flow Control Warning Range Alarm.,MFC Flow Control was over the Warning Range..<\n>,CLEAR	,
OK,4,PHY_MFC3 - MFC Flow Control Abort Range Alarm.,Flow Control was over the Abort Range..<\n>For Safety	 MFC Flow Will be Stopped !!<\n>,CLEAR	,
OK,5,PHY_MFC3 - During Idle	 MFC Flow Control Warning Range Alarm.,Flow Control was over the Warning Range..<\n>,CLEAR	,
OK,6,PHY_MFC3 - During Idle	 MFC Flow Control Abort Range Alarm.,Flow Control was over the Abort Range..<\n>For Safety	 MFC Flow Will be Stopped !!<\n>,CLEAR	,

OBJECT_NAME : PHY_MFC4,
OK,2,PHY_MFC4 - In MFC config page	 MFC's use is selected to "YES".,Please	 check MFC's Use Option in the config page. <\n>,CHECK	,
OK,1,PHY_MFC4 - MFC Flow Control Aborted !.,MFC Control Error !.<\n>Please	 check H/W MFC controller.,CLEAR	,
OK,3,PHY_MFC4 - MFC Flow Control Warning Range Alarm.,MFC Flow Control was over the Warning Range..<\n>,CLEAR	,
OK,4,PHY_MFC4 - MFC Flow Control Abort Range Alarm.,Flow Control was over the Abort Range..<\n>For Safety	 MFC Flow Will be Stopped !!<\n>,CLEAR	,
OK,5,PHY_MFC4 - During Idle	 MFC Flow Control Warning Range Alarm.,Flow Control was over the Warning Range..<\n>,CLEAR	,
OK,6,PHY_MFC4 - During Idle	 MFC Flow Control Abort Range Alarm.,Flow Control was over the Abort Range..<\n>For Safety	 MFC Flow Will be Stopped !!<\n>,CLEAR	,

OBJECT_NAME : PHY_MFC5,
OK,2,PHY_MFC5 - In MFC config page	 MFC's use is selected to "YES".,Please	 check MFC's Use Option in the config page. <\n>,CHECK	,
OK,1,PHY_MFC5 - MFC Flow Control Aborted !.,MFC Control Error !.<\n>Please	 check H/W MFC controller.,CLEAR	,
OK,3,PHY_MFC5 - MFC Flow Control Warning Range Alarm.,MFC Flow Control was over the Warning Range..<\n>,CLEAR	,
OK,4,PHY_MFC5 - MFC Flow Control Abort Range Alarm.,Flow Control was over the Abort Range..<\n>For Safety	 MFC Flow Will be Stopped !!<\n>,CLEAR	,
OK,5,PHY_MFC5 - During Idle	 MFC Flow Control Warning Range Alarm.,Flow Control was over the Warning Range..<\n>,CLEAR	,
OK,6,PHY_MFC5 - During Idle	 MFC Flow Control Abort Range Alarm.,Flow Control was over the Abort Range..<\n>For Safety	 MFC Flow Will be Stopped !!<\n>,CLEAR	,

OBJECT_NAME : PHY_MFC6,
OK,2,PHY_MFC6 - In MFC config page	 MFC's use is selected to "YES".,Please	 check MFC's Use Option in the config page. <\n>,CHECK	,
OK,1,PHY_MFC6 - MFC Flow Control Aborted !.,MFC Control Error !.<\n>Please	 check H/W MFC controller.,CLEAR	,
OK,3,PHY_MFC6 - MFC Flow Control Warning Range Alarm.,MFC Flow Control was over the Warning Range..<\n>,CLEAR	,
OK,4,PHY_MFC6 - MFC Flow Control Abort Range Alarm.,Flow Control was over the Abort Range..<\n>For Safety	 MFC Flow Will be Stopped !!<\n>,CLEAR	,
OK,5,PHY_MFC6 - During Idle	 MFC Flow Control Warning Range Alarm.,Flow Control was over the Warning Range..<\n>,CLEAR	,
OK,6,PHY_MFC6 - During Idle	 MFC Flow Control Abort Range Alarm.,Flow Control was over the Abort Range..<\n>For Safety	 MFC Flow Will be Stopped !!<\n>,CLEAR	,

OBJECT_NAME : PHY_MFC7,
OK,2,PHY_MFC7 - In MFC config page	 MFC's use is selected to "YES".,Please	 check MFC's Use Option in the config page. <\n>,CHECK	,
OK,1,PHY_MFC7 - MFC Flow Control Aborted !.,MFC Control Error !.<\n>Please	 check H/W MFC controller.,CLEAR	,
OK,3,PHY_MFC7 - MFC Flow Control Warning Range Alarm.,MFC Flow Control was over the Warning Range..<\n>,CLEAR	,
OK,4,PHY_MFC7 - MFC Flow Control Abort Range Alarm.,Flow Control was over the Abort Range..<\n>For Safety	 MFC Flow Will be Stopped !!<\n>,CLEAR	,
OK,5,PHY_MFC7 - During Idle	 MFC Flow Control Warning Range Alarm.,Flow Control was over the Warning Range..<\n>,CLEAR	,
OK,6,PHY_MFC7 - During Idle	 MFC Flow Control Abort Range Alarm.,Flow Control was over the Abort Range..<\n>For Safety	 MFC Flow Will be Stopped !!<\n>,CLEAR	,

OBJECT_NAME : PHY_MFC8,
OK,2,PHY_MFC8 - In MFC config page	 MFC's use is selected to "YES".,Please	 check MFC's Use Option in the config page. <\n>,CHECK	,
OK,1,PHY_MFC8 - MFC Flow Control Aborted !.,MFC Control Error !.<\n>Please	 check H/W MFC controller.,CLEAR	,
OK,3,PHY_MFC8 - MFC Flow Control Warning Range Alarm.,MFC Flow Control was over the Warning Range..<\n>,CLEAR	,
OK,4,PHY_MFC8 - MFC Flow Control Abort Range Alarm.,Flow Control was over the Abort Range..<\n>For Safety	 MFC Flow Will be Stopped !!<\n>,CLEAR	,
OK,5,PHY_MFC8 - During Idle	 MFC Flow Control Warning Range Alarm.,Flow Control was over the Warning Range..<\n>,CLEAR	,
OK,6,PHY_MFC8 - During Idle	 MFC Flow Control Abort Range Alarm.,Flow Control was over the Abort Range..<\n>For Safety	 MFC Flow Will be Stopped !!<\n>,CLEAR	,

OBJECT_NAME : PHY_MFC9,
OK,2,PHY_MFC9 - In MFC config page	 MFC's use is selected to "YES".,Please	 check MFC's Use Option in the config page. <\n>,CHECK	,
OK,1,PHY_MFC9 - MFC Flow Control Aborted !.,MFC Control Error !.<\n>Please	 check H/W MFC controller.,CLEAR	,
OK,3,PHY_MFC9 - MFC Flow Control Warning Range Alarm.,MFC Flow Control was over the Warning Range..<\n>,CLEAR	,
OK,4,PHY_MFC9 - MFC Flow Control Abort Range Alarm.,Flow Control was over the Abort Range..<\n>For Safety	 MFC Flow Will be Stopped !!<\n>,CLEAR	,
OK,5,PHY_MFC9 - During Idle	 MFC Flow Control Warning Range Alarm.,Flow Control was over the Warning Range..<\n>,CLEAR	,
OK,6,PHY_MFC9 - During Idle	 MFC Flow Control Abort Range Alarm.,Flow Control was over the Abort Range..<\n>For Safety	 MFC Flow Will be Stopped !!<\n>,CLEAR	,

OBJECT_NAME : PHY_PT,
OK,1,PHY_PT - PT1 Threshold Warning.,PT was over threshold warning range. <\n>,CLEAR	,
OK,21,PHY_PT - PT1 Threshold Abort.,PT was over threshold abort range. <\n>,CLEAR	,
OK,2,PHY_PT - PT2 Threshold Warning.,PT was over threshold warning range. <\n>,CLEAR	,
OK,22,PHY_PT - PT2 Threshold Abort.,PT was over threshold abort range. <\n>,CLEAR	,
OK,3,PHY_PT - PT3 Threshold Warning.,PT was over threshold warning range. <\n>,CLEAR	,
OK,23,PHY_PT - PT3 Threshold Abort.,PT was over threshold abort range. <\n>,CLEAR	,
OK,4,PHY_PT - PT4 Threshold Warning.,PT was over threshold warning range. <\n>,CLEAR	,
OK,24,PHY_PT - PT4 Threshold Abort.,PT was over threshold abort range. <\n>,CLEAR	,
OK,5,PHY_PT - PT5 Threshold Warning.,PT was over threshold warning range. <\n>,CLEAR	,
OK,25,PHY_PT - PT5 Threshold Abort.,PT was over threshold abort range. <\n>,CLEAR	,
OK,6,PHY_PT - PT6 Threshold Warning.,PT was over threshold warning range. <\n>,CLEAR	,
OK,26,PHY_PT - PT6 Threshold Abort.,PT was over threshold abort range. <\n>,CLEAR	,
OK,7,PHY_PT - PT7 Threshold Warning.,PT was over threshold warning range. <\n>,CLEAR	,
OK,27,PHY_PT - PT7 Threshold Abort.,PT was over threshold abort range. <\n>,CLEAR	,
OK,8,PHY_PT - PT8 Threshold Warning.,PT was over threshold warning range. <\n>,CLEAR	,
OK,28,PHY_PT - PT8 Threshold Abort.,PT was over threshold abort range. <\n>,CLEAR	,
OK,9,PHY_PT - PT9 Threshold Warning.,PT was over threshold warning range. <\n>,CLEAR	,
OK,29,PHY_PT - PT9 Threshold Abort.,PT was over threshold abort range. <\n>,CLEAR	,
OK,10,PHY_PT - PT10 Threshold Warning.,PT was over threshold warning range. <\n>,CLEAR	,
OK,30,PHY_PT - PT10 Threshold Abort.,PT was over threshold abort range. <\n>,CLEAR	,
OK,11,PHY_PT - PT11 Threshold Warning.,PT was over threshold warning range. <\n>,CLEAR	,
OK,31,PHY_PT - PT11 Threshold Abort.,PT was over threshold abort range. <\n>,CLEAR	,
OK,12,PHY_PT - PT12 Threshold Warning.,PT was over threshold warning range. <\n>,CLEAR	,
OK,32,PHY_PT - PT12 Threshold Abort.,PT was over threshold abort range. <\n>,CLEAR	,
OK,13,PHY_PT - PT13 Threshold Warning.,PT was over threshold warning range. <\n>,CLEAR	,
OK,33,PHY_PT - PT13 Threshold Abort.,PT was over threshold abort range. <\n>,CLEAR	,
OK,14,PHY_PT - PT14 Threshold Warning.,PT was over threshold warning range. <\n>,CLEAR	,
OK,34,PHY_PT - PT14 Threshold Abort.,PT was over threshold abort range. <\n>,CLEAR	,
OK,15,PHY_PT - PT15 Threshold Warning.,PT was over threshold warning range. <\n>,CLEAR	,
OK,35,PHY_PT - PT15 Threshold Abort.,PT was over threshold abort range. <\n>,CLEAR	,
OK,16,PHY_PT - PT16 Threshold Warning.,PT was over threshold warning range. <\n>,CLEAR	,
OK,36,PHY_PT - PT16 Threshold Abort.,PT was over threshold abort range. <\n>,CLEAR	,
OK,17,PHY_PT - PT17 Threshold Warning.,PT was over threshold warning range. <\n>,CLEAR	,
OK,37,PHY_PT - PT17 Threshold Abort.,PT was over threshold abort range. <\n>,CLEAR	,
OK,18,PHY_PT - PT18 Threshold Warning.,PT was over threshold warning range. <\n>,CLEAR	,
OK,38,PHY_PT - PT18 Threshold Abort.,PT was over threshold abort range. <\n>,CLEAR	,
OK,19,PHY_PT - PT19 Threshold Warning.,PT was over threshold warning range. <\n>,CLEAR	,
OK,39,PHY_PT - PT19 Threshold Abort.,PT was over threshold abort range. <\n>,CLEAR	,
OK,20,PHY_PT - PT20 Threshold Warning.,PT was over threshold warning range. <\n>,CLEAR	,
OK,40,PHY_PT - PT20 Threshold Abort.,PT was over threshold abort range. <\n>,CLEAR	,

OBJECT_NAME : PHY_RF_HF,
OK,1,PHY_RF_HF : RF Generator Not Use !,RF Generator use option is not "YES". <\n>Please	 Check the config option of RF Generator !!<\n>,CHECK	,
OK,2,PHY_RF_HF :  RF SYSTEM - Control Aborted.,Please	 check RF Status.,CHECK	,
OK,3,PHY_RF_HF :  RF SYSTEM - FORWARD.POWER PROCESS WARNING.RANGE.,Forward power is process warning tolerance.,CHECK	,
OK,4,PHY_RF_HF :  RF SYSTEM - FORWARD.POWER PROCESS ABORT.RANGE.,Forward power is process abort tolerance.,CHECK	,
OK,5,PHY_RF_HF :  RF SYSTEM - FORWARD.POWER IDLE WARNING.RANGE.,Forward power is idle warning tolerance.,CHECK	,
OK,6,PHY_RF_HF :  RF SYSTEM - FORWARD.POWER IDLE ABORT.RANGE.,Forward power is idle abort tolerance.,CHECK	,
OK,11,PHY_RF_HF : RF Power Control Alarm.,Chamber Vacuum Switch is not On.<\n>Please	 Check Vacuum Switch Status !!<\n>,CHECK	,
OK,12,PHY_RF_HF : RF Power Control Alarm.,Chamber ATM Switch is not Off.<\n>Please	 Check ATM Switch Status !!<\n>,CHECK	,
OK,13,PHY_RF_HF : RF Power Control Alarm.,The lid of chamber is not close.<\n>Please	 check the lid close sensor of chamber !<\n>,CHECK	,
OK,14,PHY_RF_HF : RF Power Control Alarm.,The shutter of chamber is not close.<\n>Please	 Check PM's shutter status !!<\n>,CHECK	,
OK,15,PHY_RF_HF : RF Power Control Alarm.,System Interlock Sensor가 감지 되었습니다.<\n>Interlock Sensor를 확인 바랍니다.<\n>,CHECK	,
OK,21,PHY_RF_HF :  RF SYSTEM - REFLECTED POWER OVER.,Reflected Power Limit Over.,CHECK	,
OK,22,PHY_RF_HF :  RF SYSTEM - REFLECTED Coefficient OVER.,Reflected Coefficient Limit Over.,CHECK	,
OK,24,PHY_RF_HF :  RF SYSTEM - REFLECTED POWER WARNING.,Reflected Power is Soft Tolerance Over.,CHECK	,
OK,25,PHY_RF_HF :  RF SYSTEM - REFLECTED POWER ALARM.,Reflected Power is Hard Tolerance Over.,CHECK	,
OK,26,PHY_RF_HF :  RF SYSTEM - MAX POWER OVER WITHOUT WAFER.,Wafer is Absent	 RF Power Limit Over.,CHECK	,
OK,27,PHY_RF_HF :  RF SYSTEM - PLASMA ALLOWED POWER OVER ALARM.,Set Power is not allowed.,CHECK	,

OBJECT_NAME : PHY_RF_LF,
OK,1,PHY_RF_LF : RF Generator Not Use !,RF Generator use option is not "YES". <\n>Please	 Check the config option of RF Generator !!<\n>,CHECK	,
OK,2,PHY_RF_LF :  RF SYSTEM - Control Aborted.,Please	 check RF Status.,CHECK	,
OK,3,PHY_RF_LF :  RF SYSTEM - FORWARD.POWER PROCESS WARNING.RANGE.,Forward power is process warning tolerance.,CHECK	,
OK,4,PHY_RF_LF :  RF SYSTEM - FORWARD.POWER PROCESS ABORT.RANGE.,Forward power is process abort tolerance.,CHECK	,
OK,5,PHY_RF_LF :  RF SYSTEM - FORWARD.POWER IDLE WARNING.RANGE.,Forward power is idle warning tolerance.,CHECK	,
OK,6,PHY_RF_LF :  RF SYSTEM - FORWARD.POWER IDLE ABORT.RANGE.,Forward power is idle abort tolerance.,CHECK	,
OK,11,PHY_RF_LF : RF Power Control Alarm.,Chamber Vacuum Switch is not On.<\n>Please	 Check Vacuum Switch Status !!<\n>,CHECK	,
OK,12,PHY_RF_LF : RF Power Control Alarm.,Chamber ATM Switch is not Off.<\n>Please	 Check ATM Switch Status !!<\n>,CHECK	,
OK,13,PHY_RF_LF : RF Power Control Alarm.,The lid of chamber is not close.<\n>Please	 check the lid close sensor of chamber !<\n>,CHECK	,
OK,14,PHY_RF_LF : RF Power Control Alarm.,The shutter of chamber is not close.<\n>Please	 Check PM's shutter status !!<\n>,CHECK	,
OK,15,PHY_RF_LF : RF Power Control Alarm.,System Interlock Sensor가 감지 되었습니다.<\n>Interlock Sensor를 확인 바랍니다.<\n>,CHECK	,
OK,21,PHY_RF_LF :  RF SYSTEM - REFLECTED POWER OVER.,Reflected Power Limit Over.,CHECK	,
OK,22,PHY_RF_LF :  RF SYSTEM - REFLECTED Coefficient OVER.,Reflected Coefficient Limit Over.,CHECK	,
OK,24,PHY_RF_LF :  RF SYSTEM - REFLECTED POWER WARNING.,Reflected Power is Soft Tolerance Over.,CHECK	,
OK,25,PHY_RF_LF :  RF SYSTEM - REFLECTED POWER ALARM.,Reflected Power is Hard Tolerance Over.,CHECK	,
OK,26,PHY_RF_LF :  RF SYSTEM - MAX POWER OVER WITHOUT WAFER.,Wafer is Absent	 RF Power Limit Over.,CHECK	,
OK,27,PHY_RF_LF :  RF SYSTEM - PLASMA ALLOWED POWER OVER ALARM.,Set Power is not allowed.,CHECK	,

OBJECT_NAME : PHY_RF_RPS,
OK,1,PHY_RF_RPS : RF Generator Not Use !,RF Generator use option is not "YES". <\n>Please	 Check the config option of RF Generator !!<\n>,CHECK	,
OK,2,PHY_RF_RPS :  RF SYSTEM - Control Aborted.,Please	 check RF Status.,CHECK	,
OK,3,PHY_RF_RPS :  RF SYSTEM - FORWARD.POWER PROCESS WARNING.RANGE.,Forward power is process warning tolerance.,CHECK	,
OK,4,PHY_RF_RPS :  RF SYSTEM - FORWARD.POWER PROCESS ABORT.RANGE.,Forward power is process abort tolerance.,CHECK	,
OK,5,PHY_RF_RPS :  RF SYSTEM - FORWARD.POWER IDLE WARNING.RANGE.,Forward power is idle warning tolerance.,CHECK	,
OK,6,PHY_RF_RPS :  RF SYSTEM - FORWARD.POWER IDLE ABORT.RANGE.,Forward power is idle abort tolerance.,CHECK	,
OK,11,PHY_RF_RPS : RF Power Control Alarm.,Chamber Vacuum Switch is not On.<\n>Please	 Check Vacuum Switch Status !!<\n>,CHECK	,
OK,12,PHY_RF_RPS : RF Power Control Alarm.,Chamber ATM Switch is not Off.<\n>Please	 Check ATM Switch Status !!<\n>,CHECK	,
OK,13,PHY_RF_RPS : RF Power Control Alarm.,The lid of chamber is not close.<\n>Please	 check the lid close sensor of chamber !<\n>,CHECK	,
OK,14,PHY_RF_RPS : RF Power Control Alarm.,The shutter of chamber is not close.<\n>Please	 Check PM's shutter status !!<\n>,CHECK	,
OK,15,PHY_RF_RPS : RF Power Control Alarm.,System Interlock Sensor가 감지 되었습니다.<\n>Interlock Sensor를 확인 바랍니다.<\n>,CHECK	,
OK,21,PHY_RF_RPS :  RF SYSTEM - REFLECTED POWER OVER.,Reflected Power Limit Over.,CHECK	,
OK,22,PHY_RF_RPS :  RF SYSTEM - REFLECTED Coefficient OVER.,Reflected Coefficient Limit Over.,CHECK	,
OK,24,PHY_RF_RPS :  RF SYSTEM - REFLECTED POWER WARNING.,Reflected Power is Soft Tolerance Over.,CHECK	,
OK,25,PHY_RF_RPS :  RF SYSTEM - REFLECTED POWER ALARM.,Reflected Power is Hard Tolerance Over.,CHECK	,
OK,26,PHY_RF_RPS :  RF SYSTEM - MAX POWER OVER WITHOUT WAFER.,Wafer is Absent	 RF Power Limit Over.,CHECK	,
OK,27,PHY_RF_RPS :  RF SYSTEM - PLASMA ALLOWED POWER OVER ALARM.,Set Power is not allowed.,CHECK	,

OBJECT_NAME : PHY_SHUTTER,
OK,1,PHY_SHUTTER : Shutter Open-Timeout !,Shutter가 Open되지 않았습니다.<\n>Shutter 관련 Sensor를 확인 바랍니다.<\n>,ABORT	RETRY	,
OK,2,PHY_SHUTTER : Shutter Close-Timeout !,Shutter가 Close되지 않았습니다.<\n>Shutter 관련 Sensor를 확인 바랍니다.<\n>,ABORT	RETRY	,

OBJECT_NAME : PHY_TMP,
OK,3,PHY_TMP - Forline Pressure Unstable Alarm !,Forline Pressure Unstable Status<\n>Check the Forline Vac Switch and Dry Pump On Status!<\n>Now... Turbo Pump will be off..,CHECK	,
OK,4,PHY_TMP - PCW Unstable Alarm !,PCW Unstable Status <\n>Check the state of PCW ! <\n>Now	 Turbo Pump will be off..,CHECK	,
OK,1,PHY_TMP - The state of TMP is error !,Check the state of TMP !<\n>,CHECK	,
OK,2,PHY_TMP - TMP를 On 할 수 없습니다 !,관련 Sensor 상태를 확인 바랍니다. <\n>,CHECK	,
OK,5,PHY_TMP - The state of TMP is alarm !,Check the state of TMP !<\n>,CHECK	,
OK,6,PHY_TMP - The state of TMP is warning !,Check the state of TMP !<\n>,CHECK	,

OBJECT_NAME : PHY_VAC_VLV,
OK,1,PHY_VAC_VLV - FR Open Sensor Timeout !,,CHECK	,
OK,2,PHY_VAC_VLV - SR Open Sensor Timeout !,,CHECK	,
OK,3,PHY_VAC_VLV - FR Close Sensor Timeout !,,CHECK	,
OK,4,PHY_VAC_VLV - SR Close Sensor Timeout !,,CHECK	,

OBJECT_NAME : PHY_VAT,
OK,1,PHY_VAT - VAT Control Warning Range Alarm.,VAT control was over the warning range. <\n>,CLEAR	,
OK,2,PHY_VAT - VAT Control Abort Range Alarm.,VAT Control was over the abort range. <\n>For safety	 MFC flow will be stopped !!<\n>,CLEAR	,
OK,3,PHY_VAT - During Idle	 VAT Control Warning Range Alarm.,VAT control was over the warning range. <\n>,CLEAR	,
OK,4,PHY_VAT - During Idle	 VAT Control Abort Range Alarm.,VAT control was over the abort range. <\n>For Safety	 VAT will be stopped !!<\n>,CLEAR	,
OK,5,PHY_VAT - "Transfer ballast pressure wait" occurred !,Please	 check Ballast valve or N2 valve.<\n>,CHECK	,
OK,6,PHY_VAT - "Transfer ballast over pressure" occurred !,Please	 check Ballast valve or N2 valve.<\n>,CHECK	,
OK,7,PHY_VAT - "Chamber ballast pressure wait" occurred !,Please	 check Ballast valve or N2 valve.<\n>,CHECK	,
OK,8,PHY_VAT - "Chamber ballast over pressure" occurred !,Please	 check Ballast valve or N2 valve.<\n>,CHECK	,
OK,11,PHY_VAT - VAT Control Aborted !.,VAT Control Error !.<\n>Please	 check VAT controller.,CLEAR	,
OK,12,PHY_VAT - In VAT config page	 VAT's use is selected to "NOT USE".,Please	 check VAT's use option in the config page. <\n>,CLEAR	,
OK,13,PHY_VAT - TV Interlock 관련 Digital Output이 "ON" 되어 있습니다.,TV Interlock 관련 Digital Output 상태를 확인 바랍니다. <\n>,CLEAR	,
OK,15,PHY_VAT - "VAT open timeout" occurred !,Please	 check VAT's board or cable. <\n>,CLEAR	,
OK,16,PHY_VAT - "VAT close timeout" occurred !,Please	 check VAT's board or cable. <\n>,CLEAR	,
OK,21,PHY_VAT - "VAT	Enable Sensor Error" occurred !,Please	 check VAT's Enable Sensor State. <\n>,CLEAR	,
OK,22,PHY_VAT - "VAT	Ready Error" occurred !,Please	 check VAT's All Sensor State. <\n>,CLEAR	,
OK,25,PHY_VAT - Open Interlock !,Open 명령을 수행 할 수 없습니다. <\n>,CLEAR	,

OBJECT_NAME : PHY_IO__DRY_PMP,
OK,11,PHY_IO__DRY_PMP - Offline.,Controller is Offline.<\n>Please	 Check Communication Status !<\n>,CHECK	,
OK,12,PHY_IO__DRY_PMP - Local Status.,Please	 Check Control Mode !,CHECK	,
OK,13,PHY_IO__DRY_PMP - Pump Power Off TimeOut.,Power Sensor -> Off : Timeout.<\n>Please	 Check Pump Status !<\n>,CHECK	,
OK,14,PHY_IO__DRY_PMP - Pump Power On TimeOut.,Power Sensor -> On : Timeout.<\n>Please	 Check Pump Status !<\n>,CHECK	,
OK,15,PHY_IO__DRY_PMP - Pump Remote Command TimeOut.,Power Sensor -> Remote : Timeout.<\n>Please	 Check Pump Status !<\n>,CHECK	,
OK,16,PHY_IO__DRY_PMP - Pump Local Command TimeOut.,Power Sensor -> Local : Timeout.<\n>Please	 Check Pump Status !<\n>,CHECK	,
OK,17,PHY_IO__DRY_PMP - Pump Command Error [ERR 1].,After Send Command	 Received following Error Response.<\n>[From Manual..]<\n>The message sent was not a valid query or<\n>command message.<\n>,RETRY	ABORT	,
OK,18,PHY_IO__DRY_PMP - Pump Command Error [ERR 2].,After Send Command	 Received following Error Response.<\n>[From Manual..]<\n>Part of a message (for example	 {parameter}) was not found. <\n>Resend the message in the correct format.<\n>,RETRY	ABORT	,
OK,19,PHY_IO__DRY_PMP - Pump Command Error [ERR 3].,After Send Command	 Received following Error Response.<\n>[From Manual..]<\n>Part of a message was outside the valid range <\n>for example the {0:1} digit in a command message was higher than 1.<\n>,RETRY	ABORT	,
OK,20,PHY_IO__DRY_PMP - Pump Command Error [ERR 4:Parameter's value not received].,After Send Command	 Received following Error Response.<\n>[From Manual..]<\n>The corresponding sensor may be faulty or disconnected. <\n>,RETRY	ABORT	,
OK,21,PHY_IO__DRY_PMP - Pump Command Error [ERR 5:Command not possible].,After Send Command	 Received following Error Response.<\n>[From Manual..]<\n>You have tried to take or release control	<\n>but another module has control of the dry pumping system. <\n>Release control from the other module	 then try again.<\n>,RETRY	ABORT	,
OK,31,PHY_IO__DRY_PMP - Control Mode : Converted "AUTO" To "MANUAL".,Dry pump's control mode is converted "AUTO" to "MANUAL". <\n>Please	 check dry pump's control mode. <\n>,CHECK	,
OK,32,PHY_IO__DRY_PMP - Control Mode : Converted "MANUAL" to "AUTO".,Dry pump's control mode is converted "MANUAL" to "AUTO". <\n>Please	 check dry pump's control mode. <\n>,CHECK	,

OBJECT_NAME : PHY_IO__ESC_DC,
OK,1,PHY_IO__ESC_DC - Offline !,Please	 check the state of ESC controller. ,RETRY	,

OBJECT_NAME : PHY_IO__ESC_TEMP,
OK,1,PHY_IO__ESC_TEMP - Offlne !,Please	 check the heater cable !,CLEAR	,
OK,2,PHY_IO__ESC_TEMP - Warning Upper Error !,Please	 check the heater cable !The current temperature is more than the config warning-upper. <\n>,CLEAR	,
OK,3,PHY_IO__ESC_TEMP - Warning Lower Error !,Please	 check the heater cable !The current temperature is more than the config warning-upper. <\n>The current temperature is more than the config warning-lower. <\n>,CLEAR	,
OK,4,PHY_IO__ESC_TEMP - High limit Error !,Please	 check the heater cable !The current temperature is more than the config warning-upper. <\n>The current temperature is more than the config warning-lower. <\n>The current temperature is more than the config high-limit. <\n>,CLEAR	,
OK,5,PHY_IO__ESC_TEMP - High limit Error !,Please	 check the heater cable !The current temperature is more than the config warning-upper. <\n>The current temperature is more than the config warning-lower. <\n>The current temperature is more than the config high-limit. <\n>The current temperature is more than the config low-limit. <\n>,CLEAR	,

OBJECT_NAME : PHY_IO__MAT_HF,
OK,1,PHY_IO__MAT_HF - Matcher Offline,Matcher Offline.,CHECK	,
OK,2,PHY_IO__MAT_HF - Matcher Communication Retry Over,Matcher Communication Retry Over,RETRY	ABORT	,

OBJECT_NAME : PHY_IO__MAT_LF,
OK,1,PHY_IO__MAT_LF - Matcher Offline,Matcher Offline.,CHECK	,
OK,2,PHY_IO__MAT_LF - Matcher Communication Retry Over,Matcher Communication Retry Over,RETRY	ABORT	,

OBJECT_NAME : PHY_IO__OES,
OK,1,PHY_IO__OES :  - OES SYSTEM : OES Offline.,Check the Online !,CHECK	,
OK,2,PHY_IO__OES :  - OES SYSTEM : Parameter Set Fail(First Coeff.	 Second Coeff	 Intercept) .,Check the Parameter and OES !,CHECK	,

OBJECT_NAME : PHY_IO__RF_400KHZ,
OK,11,PHY_IO__RF_400KHZ - Generator Offline,Generator Offline.,RETRY	,
OK,12,PHY_IO__RF_400KHZ - Generator Communication Retry Over,Generator Communication Retry Over,RETRY	ABORT	,

OBJECT_NAME : PHY_IO__RF_40MHZ,
OK,1,PHY_IO__RF_40MHZ - Generator Offline,Generator Offline.,CHECK	,
OK,2,PHY_IO__RF_40MHZ - Generator Communication Retry Over,Generator Communication Retry Over,RETRY	ABORT	,

OBJECT_NAME : PHY_IO__RF_PULSE,
OK,1,PHY_IO__RF_PULSE - Generator Offline,Generator Offline.,CHECK	,
OK,2,PHY_IO__RF_PULSE - Generator Communication Retry Over,Generator Communication Retry Over,RETRY	ABORT	,

OBJECT_NAME : PHY_IO__RF_RPS,
OK,11,PHY_IO__RF_RPS - Generator Offline,Generator Offline.,RETRY	,
OK,12,PHY_IO__RF_RPS - Generator Communication Retry Over,Generator Communication Retry Over,RETRY	ABORT	,

OBJECT_NAME : PHY_IO__TMP,
OK,1,PHY_IO__TMP - Offline.,Controller is Offline.<\n>Please	 Check Communication Status !<\n>,CHECK	,
OK,2,PHY_IO__TMP - Controller is Local Mode.<\n>,Please	 Check Mode.<\n>,CHECK	,
OK,3,PHY_IO__TMP - Pump Power Off TimeOut.,Power Sensor -> Off : Timeout.<\n>Please	 Check Pump Status !<\n>,CHECK	,
OK,4,PHY_IO__TMP - Pump Power On TimeOut.,Power Sensor -> On : Timeout.<\n>Please	 Check Pump Status !<\n>,CHECK	,
OK,5,PHY_IO__TMP - Pump Remote Command TimeOut.,Power Sensor -> Remote : Timeout.<\n>Please	 Check Pump Status !<\n>,CHECK	,
OK,6,PHY_IO__TMP - Pump Local Command TimeOut.,Power Sensor -> Local : Timeout.<\n>Please	 Check Pump Status !<\n>,CHECK	,
OK,7,PHY_IO__TMP - Pump Acceleration TimeOut.,Power Sensor -> Acceleration : Timeout.<\n>Please	 Check Pump Status !<\n>,CHECK	,

OBJECT_NAME : INTERLOCK_MFC,
OK,1,INTERLOCK_MFC - Interlock: MFC1 Flow Setting,Can not set MFC1's flow. <\n>,CHECK	,
OK,2,INTERLOCK_MFC - Interlock: MFC2 Flow Setting,Can not set MFC2's flow. <\n>,CHECK	,
OK,3,INTERLOCK_MFC - Interlock: MFC3 Flow Setting,Can not set MFC3's flow. <\n>,CHECK	,
OK,4,INTERLOCK_MFC - Interlock: MFC4 Flow Setting,Can not set MFC4's flow. <\n>,CHECK	,
OK,5,INTERLOCK_MFC - Interlock: MFC5 Flow Setting,Can not set MFC5's flow. <\n>,CHECK	,
OK,6,INTERLOCK_MFC - Interlock: MFC6 Flow Setting,Can not set MFC6's flow. <\n>,CHECK	,
OK,7,INTERLOCK_MFC - Interlock: MFC7 Flow Setting,Can not set MFC7's flow. <\n>,CHECK	,
OK,8,INTERLOCK_MFC - Interlock: MFC8 Flow Setting,Can not set MFC8's flow. <\n>,CHECK	,
OK,9,INTERLOCK_MFC - Interlock: MFC9 Flow Setting,Can not set MFC9's flow. <\n>,CHECK	,
OK,10,INTERLOCK_MFC - Interlock: MFC10 Flow Setting,Can not set MFC10's flow. <\n>,CHECK	,
OK,11,INTERLOCK_MFC - Interlock: MFC11 Flow Setting,Can not set MFC11's flow. <\n>,CHECK	,
OK,12,INTERLOCK_MFC - Interlock: MFC12 Flow Setting,Can not set MFC12's flow. <\n>,CHECK	,
OK,13,INTERLOCK_MFC - Interlock: MFC13 Flow Setting,Can not set MFC13's flow. <\n>,CHECK	,
OK,14,INTERLOCK_MFC - Interlock: MFC14 Flow Setting,Can not set MFC14's flow. <\n>,CHECK	,
OK,15,INTERLOCK_MFC - Interlock: MFC15 Flow Setting,Can not set MFC15's flow. <\n>,CHECK	,
OK,16,INTERLOCK_MFC - Interlock: MFC16 Flow Setting,Can not set MFC16's flow. <\n>,CHECK	,
OK,17,INTERLOCK_MFC - Interlock: MFC17 Flow Setting,Can not set MFC17's flow. <\n>,CHECK	,
OK,21,INTERLOCK_MFC - Interlock: MFC1's Primary Valve Open,MFC1의 primary-valve를 Open 할 수 없습니다. <\n>,CHECK	,
OK,22,INTERLOCK_MFC - Interlock: MFC2's Primary Valve Open,MFC2의 primary-valve를 Open 할 수 없습니다. <\n>,CHECK	,
OK,23,INTERLOCK_MFC - Interlock: MFC3's Primary Valve Open,MFC3의 primary-valve를 Open 할 수 없습니다. <\n>,CHECK	,
OK,24,INTERLOCK_MFC - Interlock: MFC4's Primary Valve Open,MFC4의 primary-valve를 Open 할 수 없습니다. <\n>,CHECK	,
OK,25,INTERLOCK_MFC - Interlock: MFC5's Primary Valve Open,MFC5의 primary-valve를 Open 할 수 없습니다. <\n>,CHECK	,
OK,26,INTERLOCK_MFC - Interlock: MFC6's Primary Valve Open,MFC6의 primary-valve를 Open 할 수 없습니다. <\n>,CHECK	,
OK,27,INTERLOCK_MFC - Interlock: MFC7's Primary Valve Open,MFC7의 primary-valve를 Open 할 수 없습니다. <\n>,CHECK	,
OK,28,INTERLOCK_MFC - Interlock: MFC8's Primary Valve Open,MFC8의 primary-valve를 Open 할 수 없습니다. <\n>,CHECK	,
OK,29,INTERLOCK_MFC - Interlock: MFC9's Primary Valve Open,MFC9의 primary-valve를 Open 할 수 없습니다. <\n>,CHECK	,
OK,30,INTERLOCK_MFC - Interlock: MFC10's Primary Valve Open,MFC10의 primary-valve를 Open 할 수 없습니다. <\n>,CHECK	,
OK,31,INTERLOCK_MFC - Interlock: MFC11's Primary Valve Open,MFC11의 primary-valve를 Open 할 수 없습니다. <\n>,CHECK	,
OK,32,INTERLOCK_MFC - Interlock: MFC12's Primary Valve Open,MFC12의 primary-valve를 Open 할 수 없습니다. <\n>,CHECK	,
OK,33,INTERLOCK_MFC - Interlock: MFC13's Primary Valve Open,MFC13의 primary-valve를 Open 할 수 없습니다. <\n>,CHECK	,
OK,34,INTERLOCK_MFC - Interlock: MFC14's Primary Valve Open,MFC14의 primary-valve를 Open 할 수 없습니다. <\n>,CHECK	,
OK,35,INTERLOCK_MFC - Interlock: MFC15's Primary Valve Open,MFC15의 primary-valve를 Open 할 수 없습니다. <\n>,CHECK	,
OK,36,INTERLOCK_MFC - Interlock: MFC16's Primary Valve Open,MFC16의 primary-valve를 Open 할 수 없습니다. <\n>,CHECK	,
OK,37,INTERLOCK_MFC - Interlock: MFC17's Primary Valve Open,MFC17의 primary-valve를 Open 할 수 없습니다. <\n>,CHECK	,
OK,41,INTERLOCK_MFC - Interlock: MFC1's Secondary Valve Open,Can not open MFC1's secondary valve. <\n>,CHECK	,
OK,42,INTERLOCK_MFC - Interlock: MFC2's Secondary Valve Open,Can not open MFC2's secondary valve. <\n>,CHECK	,
OK,43,INTERLOCK_MFC - Interlock: MFC3's Secondary Valve Open,Can not open MFC3's secondary valve. <\n>,CHECK	,
OK,44,INTERLOCK_MFC - Interlock: MFC4's Secondary Valve Open,Can not open MFC4's secondary valve. <\n>,CHECK	,
OK,45,INTERLOCK_MFC - Interlock: MFC5's Secondary Valve Open,Can not open MFC5's secondary valve. <\n>,CHECK	,
OK,46,INTERLOCK_MFC - Interlock: MFC6's Secondary Valve Open,Can not open MFC6's secondary valve. <\n>,CHECK	,
OK,47,INTERLOCK_MFC - Interlock: MFC7's Secondary Valve Open,Can not open MFC7's secondary valve. <\n>,CHECK	,
OK,48,INTERLOCK_MFC - Interlock: MFC8's Secondary Valve Open,Can not open MFC8's secondary valve. <\n>,CHECK	,
OK,49,INTERLOCK_MFC - Interlock: MFC9's Secondary Valve Open,Can not open MFC9's secondary valve. <\n>,CHECK	,
OK,50,INTERLOCK_MFC - Interlock: MFC10's Secondary Valve Open,Can not open MFC10's secondary valve. <\n>,CHECK	,
OK,51,INTERLOCK_MFC - Interlock: MFC11's Secondary Valve Open,Can not open MFC11's secondary valve. <\n>,CHECK	,
OK,52,INTERLOCK_MFC - Interlock: MFC12's Secondary Valve Open,Can not open MFC12's secondary valve. <\n>,CHECK	,
OK,53,INTERLOCK_MFC - Interlock: MFC13's Secondary Valve Open,Can not open MFC13's secondary valve. <\n>,CHECK	,
OK,54,INTERLOCK_MFC - Interlock: MFC14's Secondary Valve Open,Can not open MFC14's secondary valve. <\n>,CHECK	,
OK,55,INTERLOCK_MFC - Interlock: MFC15's Secondary Valve Open,Can not open MFC15's secondary valve. <\n>,CHECK	,
OK,56,INTERLOCK_MFC - Interlock: MFC16's Secondary Valve Open,Can not open MFC16's secondary valve. <\n>,CHECK	,
OK,57,INTERLOCK_MFC - Interlock: MFC17's Secondary Valve Open,Can not open MFC17's secondary valve. <\n>,CHECK	,
OK,61,INTERLOCK_MFC - Interlock: MFC1's Purge Valve Open,MFC1의 purge-valve를 Open 할 수 없습니다. <\n>,CHECK	,
OK,62,INTERLOCK_MFC - Interlock: MFC2's Purge Valve Open,MFC2의 purge-valve를 Open 할 수 없습니다. <\n>,CHECK	,
OK,63,INTERLOCK_MFC - Interlock: MFC3's Purge Valve Open,MFC3의 purge-valve를 Open 할 수 없습니다. <\n>,CHECK	,
OK,64,INTERLOCK_MFC - Interlock: MFC4's Purge Valve Open,MFC4의 purge-valve를 Open 할 수 없습니다. <\n>,CHECK	,
OK,65,INTERLOCK_MFC - Interlock: MFC5's Purge Valve Open,MFC5의 purge-valve를 Open 할 수 없습니다. <\n>,CHECK	,
OK,66,INTERLOCK_MFC - Interlock: MFC6's Purge Valve Open,MFC6의 purge-valve를 Open 할 수 없습니다. <\n>,CHECK	,
OK,67,INTERLOCK_MFC - Interlock: MFC7's Purge Valve Open,MFC7의 purge-valve를 Open 할 수 없습니다. <\n>,CHECK	,
OK,68,INTERLOCK_MFC - Interlock: MFC8's Purge Valve Open,MFC8의 purge-valve를 Open 할 수 없습니다. <\n>,CHECK	,
OK,69,INTERLOCK_MFC - Interlock: MFC9's Purge Valve Open,MFC9의 purge-valve를 Open 할 수 없습니다. <\n>,CHECK	,
OK,70,INTERLOCK_MFC - Interlock: MFC10's Purge Valve Open,MFC10의 purge-valve를 Open 할 수 없습니다. <\n>,CHECK	,
OK,71,INTERLOCK_MFC - Interlock: MFC11's Purge Valve Open,MFC11의 purge-valve를 Open 할 수 없습니다. <\n>,CHECK	,
OK,72,INTERLOCK_MFC - Interlock: MFC12's Purge Valve Open,MFC12의 purge-valve를 Open 할 수 없습니다. <\n>,CHECK	,
OK,73,INTERLOCK_MFC - Interlock: MFC13's Purge Valve Open,MFC13의 purge-valve를 Open 할 수 없습니다. <\n>,CHECK	,
OK,74,INTERLOCK_MFC - Interlock: MFC14's Purge Valve Open,MFC14의 purge-valve를 Open 할 수 없습니다. <\n>,CHECK	,
OK,75,INTERLOCK_MFC - Interlock: MFC15's Purge Valve Open,MFC15의 purge-valve를 Open 할 수 없습니다. <\n>,CHECK	,
OK,76,INTERLOCK_MFC - Interlock: MFC16's Purge Valve Open,MFC16의 purge-valve를 Open 할 수 없습니다. <\n>,CHECK	,
OK,77,INTERLOCK_MFC - Interlock: MFC17's Purge Valve Open,MFC17의 purge-valve를 Open 할 수 없습니다. <\n>,CHECK	,
OK,81,INTERLOCK_MFC - Value Interlock: MFC1's Valve Open Interlock !,MFC1's all valve will be closed ! <\n>,CHECK	,
OK,82,INTERLOCK_MFC - Value Interlock: MFC2's Valve Open Interlock !,MFC2's all valve will be closed ! <\n>,CHECK	,
OK,83,INTERLOCK_MFC - Value Interlock: MFC3's Valve Open Interlock !,MFC3's all valve will be closed ! <\n>,CHECK	,
OK,84,INTERLOCK_MFC - Value Interlock: MFC4's Valve Open Interlock !,MFC4's all valve will be closed ! <\n>,CHECK	,
OK,85,INTERLOCK_MFC - Value Interlock: MFC5's Valve Open Interlock !,MFC5's all valve will be closed ! <\n>,CHECK	,
OK,86,INTERLOCK_MFC - Value Interlock: MFC6's Valve Open Interlock !,MFC6's all valve will be closed ! <\n>,CHECK	,
OK,87,INTERLOCK_MFC - Value Interlock: MFC7's Valve Open Interlock !,MFC7's all valve will be closed ! <\n>,CHECK	,
OK,88,INTERLOCK_MFC - Value Interlock: MFC8's Valve Open Interlock !,MFC8's all valve will be closed ! <\n>,CHECK	,
OK,89,INTERLOCK_MFC - Value Interlock: MFC9's Valve Open Interlock !,MFC9's all valve will be closed ! <\n>,CHECK	,
OK,90,INTERLOCK_MFC - Value Interlock: MFC10's Valve Open Interlock !,MFC10's all valve will be closed ! <\n>,CHECK	,
OK,91,INTERLOCK_MFC - Value Interlock: MFC11's Valve Open Interlock !,MFC11's all valve will be closed ! <\n>,CHECK	,
OK,92,INTERLOCK_MFC - Value Interlock: MFC12's Valve Open Interlock !,MFC12's all valve will be closed ! <\n>,CHECK	,
OK,93,INTERLOCK_MFC - Value Interlock: MFC13's Valve Open Interlock !,MFC13's all valve will be closed ! <\n>,CHECK	,
OK,94,INTERLOCK_MFC - Value Interlock: MFC14's Valve Open Interlock !,MFC14's all valve will be closed ! <\n>,CHECK	,
OK,95,INTERLOCK_MFC - Value Interlock: MFC15's Valve Open Interlock !,MFC15's all valve will be closed ! <\n>,CHECK	,
OK,96,INTERLOCK_MFC - Value Interlock: MFC16's Valve Open Interlock !,MFC16's all valve will be closed ! <\n>,CHECK	,
OK,97,INTERLOCK_MFC - Value Interlock: MFC17's Valve Open Interlock !,MFC17's all valve will be closed ! <\n>,CHECK	,
OK,101,INTERLOCK_MFC - Gas Box Door Not Closed - Interlock: MFC1's Valve Open Interlock !,MFC1's all valve will be closed ! <\n>,CHECK	,
OK,102,INTERLOCK_MFC - Gas Box Door Not Closed - Interlock: MFC2's Valve Open Interlock !,MFC2's all valve will be closed ! <\n>,CHECK	,
OK,103,INTERLOCK_MFC - Gas Box Door Not Closed - Interlock: MFC3's Valve Open Interlock !,MFC3's all valve will be closed ! <\n>,CHECK	,
OK,104,INTERLOCK_MFC - Gas Box Door Not Closed - Interlock: MFC4's Valve Open Interlock !,MFC4's all valve will be closed ! <\n>,CHECK	,
OK,105,INTERLOCK_MFC - Gas Box Door Not Closed - Interlock: MFC5's Valve Open Interlock !,MFC5's all valve will be closed ! <\n>,CHECK	,
OK,106,INTERLOCK_MFC - Gas Box Door Not Closed - Interlock: MFC6's Valve Open Interlock !,MFC6's all valve will be closed ! <\n>,CHECK	,
OK,107,INTERLOCK_MFC - Gas Box Door Not Closed - Interlock: MFC7's Valve Open Interlock !,MFC7's all valve will be closed ! <\n>,CHECK	,
OK,108,INTERLOCK_MFC - Gas Box Door Not Closed - Interlock: MFC8's Valve Open Interlock !,MFC8's all valve will be closed ! <\n>,CHECK	,
OK,109,INTERLOCK_MFC - Gas Box Door Not Closed - Interlock: MFC9's Valve Open Interlock !,MFC9's all valve will be closed ! <\n>,CHECK	,
OK,110,INTERLOCK_MFC - Gas Box Door Not Closed - Interlock: MFC10's Valve Open Interlock !,MFC10's all valve will be closed ! <\n>,CHECK	,
OK,111,INTERLOCK_MFC - Gas Box Door Not Closed - Interlock: MFC11's Valve Open Interlock !,MFC11's all valve will be closed ! <\n>,CHECK	,
OK,112,INTERLOCK_MFC - Gas Box Door Not Closed - Interlock: MFC12's Valve Open Interlock !,MFC12's all valve will be closed ! <\n>,CHECK	,
OK,113,INTERLOCK_MFC - Gas Box Door Not Closed - Interlock: MFC13's Valve Open Interlock !,MFC13's all valve will be closed ! <\n>,CHECK	,
OK,114,INTERLOCK_MFC - Gas Box Door Not Closed - Interlock: MFC14's Valve Open Interlock !,MFC14's all valve will be closed ! <\n>,CHECK	,
OK,115,INTERLOCK_MFC - Gas Box Door Not Closed - Interlock: MFC15's Valve Open Interlock !,MFC15's all valve will be closed ! <\n>,CHECK	,
OK,116,INTERLOCK_MFC - Gas Box Door Not Closed - Interlock: MFC16's Valve Open Interlock !,MFC16's all valve will be closed ! <\n>,CHECK	,
OK,117,INTERLOCK_MFC - Gas Box Door Not Closed - Interlock: MFC17's Valve Open Interlock !,MFC17's all valve will be closed ! <\n>,CHECK	,

OBJECT_NAME : INTERLOCK_SYS,
OK,1,Setpoint Interlock : VAC-Foreline Valve -> Open,Interlock Condition <\n>1. VAC-switch is "ON". <\n>2. When VAC-switch is not "ON"	 APC's valve position is close. <\n>3. Vacuum fast valve is close. <\n>4. Vacuum slow valve is close. <\n>,CHECK	,
OK,2,Setpoint Interlock : VAC-Fast Valve -> Open,Interlock Condition <\n>1. ATM-switch is not "ON". <\n>2. TMP foreline valve is closed. <\n>,CHECK	,
OK,3,Setpoint Interlock : VAC-Slow Valve -> Open,Interlock Condition <\n>1. TMP foreline valve is closed. <\n>,CHECK	,

