0.1,
Channel,Type,Title,Mode,Index,CH-Type,Group,
DB_INF+SLOT01.LOTID,INTERVAL,LOT ID,ENABLE,0,S,,
DB_INF+SLOT01.MATERIALID,INTERVAL,MATERIAL ID,ENABLE,0,S,,
DB_INF+SLOT01.PORTID,INTERVAL,PORT ID,ENABLE,0,S,,
DB_INF+SLOT01.RECIPE,INTERVAL,RECIPE,ENABLE,0,S,,
DB_INF+SLOT01.SLOTID,INTERVAL,SLOT ID,ENABLE,0,S,,
DB_INF+TOTAL.PRC_TIME,INTERVAL,Total Process Time,ENABLE,0,S,,
FNC_CHM+APP.LEAK_CHECK.LOG.MESSAGE,EVENT,LEAK_CHECK.MESSAGE,ENABLE,0,S,,
FNC_CHM+APP.LEAK_CHECK.LOG.PRESSURE,EVENT,LEAK_CHECK.STEP.PRESSURE,ENABLE,0,S,,
FNC_CHM+APP.LEAK_CHECK.LOG.RATE,EVENT,LEAK_CHECK.STEP.RESULT,ENABLE,0,S,,
FNC_CHM+APP.LEAK_CHECK.LOG.RESULT,EVENT,LEAK_CHECK.TOTAL.RESULT,ENABLE,0,S,,
FNC_CHM+APP.LEAK_CHECK.LOG.START_PRESSURE,EVENT,LEAK_CHECK.BASE.PRESSURE,ENABLE,0,S,,
FNC_PROC+RCP.PROCESS.DATA.SUMMARY,INTERVAL,Data Summary,ENABLE,0,D,,
FNC_PROC+STEP.CUR.NUM,INTERVAL,STEP.NO.OLD,ENABLE,0,A,,
FNC_PROC+STEP.TOTAL.NUM,INTERVAL,Step Total No,ENABLE,0,A,,
FNC_PROC+sPRC.CHANGE.TIME.TO.CTC,INTERVAL,CTC Proc Change Time,ENABLE,0,S,,
FNC_PROC+sPRC.CUR.TIME,INTERVAL,Progress Time,ENABLE,0,S,,
FNC_PROC+sPRC.TOTAL.TIME,INTERVAL,Process Total Time,ENABLE,0,S,,
FNC_PROC+sPRC.TOTAL.TIME.TO.CTC,INTERVAL,CTC Process Total Time,ENABLE,0,S,,
FNC_STEP+HEADER.BOTTOM_TEMP.FAULT,EVENT,AAA,ENABLE,0,A,,
FNC_STEP+HEADER.BOTTOM_TEMP.HIGH_LIMIT,EVENT,FNC_STEP+HEADER.BOTTOM_TEMP.HIGH_LIMIT,DISABLE,0,A,,
FNC_STEP+HEADER.BOTTOM_TEMP.LOW_LIMIT,EVENT,FNC_STEP+HEADER.BOTTOM_TEMP.LOW_LIMIT,DISABLE,0,A,,
FNC_STEP+HEADER.BOTTOM_TEMP.SETPOINT,EVENT,FNC_STEP+HEADER.BOTTOM_TEMP.SETPOINT,DISABLE,0,A,,
FNC_STEP+HEADER.BOTTOM_TEMP.TC,EVENT,FNC_STEP+HEADER.BOTTOM_TEMP.TC,DISABLE,0,A,,
FNC_STEP+HEADER.BOTTOM_TEMP.TS,EVENT,FNC_STEP+HEADER.BOTTOM_TEMP.TS,DISABLE,0,A,,
FNC_STEP+HEADER.BOTTOM_TEMP.WARNING,EVENT,FNC_STEP+HEADER.BOTTOM_TEMP.WARNING,DISABLE,0,A,,
FNC_STEP+HEADER.TOP_PLATE.FAULT,EVENT,FNC_STEP+HEADER.TOP_PLATE.FAULT,DISABLE,0,A,,
FNC_STEP+HEADER.TOP_PLATE.HIGH_LIMIT,EVENT,FNC_STEP+HEADER.TOP_PLATE.HIGH_LIMIT,DISABLE,0,A,,
FNC_STEP+HEADER.TOP_PLATE.LOW_LIMIT,EVENT,FNC_STEP+HEADER.TOP_PLATE.LOW_LIMIT,DISABLE,0,A,,
FNC_STEP+HEADER.TOP_PLATE.SETPOINT,EVENT,FNC_STEP+HEADER.TOP_PLATE.SETPOINT,DISABLE,0,A,,
FNC_STEP+HEADER.TOP_PLATE.TC,EVENT,FNC_STEP+HEADER.TOP_PLATE.TC,DISABLE,0,A,,
FNC_STEP+HEADER.TOP_PLATE.TS,EVENT,FNC_STEP+HEADER.TOP_PLATE.TS,DISABLE,0,A,,
FNC_STEP+HEADER.TOP_PLATE.WARNING,EVENT,FNC_STEP+HEADER.TOP_PLATE.WARNING,DISABLE,0,A,,
FNC_STEP+HEADER.TOP_TEMP.FAULT,EVENT,FNC_STEP+HEADER.TOP_TEMP.FAULT,DISABLE,0,A,,
FNC_STEP+HEADER.TOP_TEMP.HIGH_LIMIT,EVENT,FNC_STEP+HEADER.TOP_TEMP.HIGH_LIMIT,DISABLE,0,A,,
FNC_STEP+HEADER.TOP_TEMP.LOW_LIMIT,EVENT,FNC_STEP+HEADER.TOP_TEMP.LOW_LIMIT,DISABLE,0,A,,
FNC_STEP+HEADER.TOP_TEMP.SETPOINT,EVENT,FNC_STEP+HEADER.TOP_TEMP.SETPOINT,DISABLE,0,A,,
FNC_STEP+HEADER.TOP_TEMP.TC,EVENT,FNC_STEP+HEADER.TOP_TEMP.TC,DISABLE,0,A,,
FNC_STEP+HEADER.TOP_TEMP.TS,EVENT,FNC_STEP+HEADER.TOP_TEMP.TS,DISABLE,0,A,,
FNC_STEP+HEADER.TOP_TEMP.WARNING,EVENT,FNC_STEP+HEADER.TOP_TEMP.WARNING,DISABLE,0,A,,
FNC_STEP+RCP.BOTTOM_CHILLER_TEMP.ABORT,EVENT,FNC_STEP+RCP.BOTTOM_CHILLER_TEMP.ABORT,DISABLE,0,A,,
FNC_STEP+RCP.BOTTOM_CHILLER_TEMP.HIGH_LIMIT,EVENT,FNC_STEP+RCP.BOTTOM_CHILLER_TEMP.HIGH_LIMIT,DISABLE,0,A,,
FNC_STEP+RCP.BOTTOM_CHILLER_TEMP.LOW_LIMIT,EVENT,FNC_STEP+RCP.BOTTOM_CHILLER_TEMP.LOW_LIMIT,DISABLE,0,A,,
FNC_STEP+RCP.BOTTOM_CHILLER_TEMP.SET,EVENT,FNC_STEP+RCP.BOTTOM_CHILLER_TEMP.SET,DISABLE,0,A,,
FNC_STEP+RCP.BOTTOM_CHILLER_TEMP.TC,EVENT,FNC_STEP+RCP.BOTTOM_CHILLER_TEMP.TC,DISABLE,0,A,,
FNC_STEP+RCP.BOTTOM_CHILLER_TEMP.TS,EVENT,FNC_STEP+RCP.BOTTOM_CHILLER_TEMP.TS,DISABLE,0,A,,
FNC_STEP+RCP.BOTTOM_CHILLER_TEMP.WARNING,EVENT,FNC_STEP+RCP.BOTTOM_CHILLER_TEMP.WARNING,DISABLE,0,A,,
FNC_STEP+RCP.CHM.PRESSURE,EVENT,Rcp_Chamber Pressure,DISABLE,0,A,,
FNC_STEP+RCP.CONFILEMENT.RING.RAMP.TIME,EVENT,FNC_STEP+RCP.CONFILEMENT.RING.RAMP.TIME,DISABLE,0,A,,
FNC_STEP+RCP.CONFILEMENT.RING.VELOCITY,EVENT,FNC_STEP+RCP.CONFILEMENT.RING.VELOCITY,DISABLE,0,A,,
FNC_STEP+RCP.CONFINEMENT.RING.HOLD.DELAY,EVENT,Rcp_CFRing Hold Delay Time,DISABLE,0,A,,
FNC_STEP+RCP.CONFINEMENT.RING.LEARNED.POSITION,EVENT,FNC_STEP+RCP.CONFINEMENT.RING.LEARNED.POSITION,DISABLE,0,A,,
FNC_STEP+RCP.CONFINEMENT.RING.PRESET.POSITION,EVENT,Rcp_CFRing Preset Position,DISABLE,0,A,,
FNC_STEP+RCP.ESC.Bias.VOLT.THRESHOLD,EVENT,Rcp_ESC Bias Volt Threshold,DISABLE,0,A,,
FNC_STEP+RCP.ESC.EXT.BIAS.COMPENSATION.ENABLE,EVENT,Rcp_ESC Bias Compensation Enable,DISABLE,0,D,,
FNC_STEP+RCP.ESC.EXT.BIAS.COMPENSATION.MODE.SELECT,EVENT,Rcp_ESC Bias Compensation Mode,DISABLE,0,D,,
FNC_STEP+RCP.FDC.STEP.TIME,INTERVAL,BBB,ENABLE,0,A,,
FNC_STEP+RCP.He.INNER.ZONE.FLOW.MAX.THRESHOLD,EVENT,Rcp_He IZ Flow Max Threshold,DISABLE,0,A,,
FNC_STEP+RCP.He.INNER.ZONE.FLOW.MIN.THRESHOLD,EVENT,Rcp_He IZ Flow Min Threshold,DISABLE,0,A,,
FNC_STEP+RCP.He.OUTER.ZONE.FLOW.MAX.THRESHOLD,EVENT,Rcp_He OZ Flow Max Threshold,DISABLE,0,A,,
FNC_STEP+RCP.He.OUTER.ZONE.FLOW.MIN.THRESHOLD,EVENT,Rcp_He OZ Flow Min Threshold,DISABLE,0,A,,
FNC_STEP+RCP.LIFT.PIN.POSITION,EVENT,Rcp_Lift Pin Position,DISABLE,0,D,,
FNC_STEP+RCP.MAT.27MHz.CONTROL.MODE,EVENT,Rcp_Matcher 27MHz Control Mode,DISABLE,0,D,,
FNC_STEP+RCP.MAT.2MHz.CONTROL.MODE,EVENT,Rcp_Matcher 2MHz Control Mode,DISABLE,0,D,,
FNC_STEP+RCP.MAT.60MHz.CONTROL.MODE,EVENT,Rcp_Matcher 60MHz Control Mode,DISABLE,0,D,,
FNC_STEP+RCP.MFC.He.INNER.FLOW,EVENT,Rcp_He IZ Flow Set,DISABLE,0,A,,
FNC_STEP+RCP.MFC.He.OUTER.FLOW,EVENT,Rcp_He OZ Flow Set,DISABLE,0,A,,
FNC_STEP+RCP.MON.STEP.NO,INTERVAL,PRC.STEP.NO,ENABLE,0,A,,
FNC_STEP+RCP.OES.ALGORITHM.SELECTION,EVENT,FNC_STEP+RCP.OES.ALGORITHM.SELECTION,DISABLE,0,S,,
FNC_STEP+RCP.OES.AVERAGE_IB_VALUE,EVENT,FNC_STEP+RCP.OES.AVERAGE_IB_VALUE,DISABLE,0,S,,
FNC_STEP+RCP.OES.BASIS_FNCx.EQUATION.1,EVENT,FNC_STEP+RCP.OES.BASIS_FNCx.EQUATION.1,DISABLE,0,S,,
FNC_STEP+RCP.OES.BASIS_FNCx.EQUATION.2,EVENT,FNC_STEP+RCP.OES.BASIS_FNCx.EQUATION.2,DISABLE,0,S,,
FNC_STEP+RCP.OES.BASIS_FNCx.EQUATION.3,EVENT,FNC_STEP+RCP.OES.BASIS_FNCx.EQUATION.3,DISABLE,0,S,,
FNC_STEP+RCP.OES.BASIS_FNCx.EQUATION.4,EVENT,FNC_STEP+RCP.OES.BASIS_FNCx.EQUATION.4,DISABLE,0,S,,
FNC_STEP+RCP.OES.BASIS_FNCx.FILTER.1,EVENT,FNC_STEP+RCP.OES.BASIS_FNCx.FILTER.1,DISABLE,0,S,,
FNC_STEP+RCP.OES.BASIS_FNCx.FILTER.2,EVENT,FNC_STEP+RCP.OES.BASIS_FNCx.FILTER.2,DISABLE,0,S,,
FNC_STEP+RCP.OES.BASIS_FNCx.FILTER.3,EVENT,FNC_STEP+RCP.OES.BASIS_FNCx.FILTER.3,DISABLE,0,S,,
FNC_STEP+RCP.OES.BASIS_FNCx.FILTER.4,EVENT,FNC_STEP+RCP.OES.BASIS_FNCx.FILTER.4,DISABLE,0,S,,
FNC_STEP+RCP.OES.CCD_GAIN.AUTO_GAIN,EVENT,FNC_STEP+RCP.OES.CCD_GAIN.AUTO_GAIN,DISABLE,0,S,,
FNC_STEP+RCP.OES.CCD_GAIN.EXPOSURE_TIME,EVENT,FNC_STEP+RCP.OES.CCD_GAIN.EXPOSURE_TIME,DISABLE,0,S,,
FNC_STEP+RCP.OES.CCD_GAIN.MULTI_SAMPLING_NUMBER,EVENT,FNC_STEP+RCP.OES.CCD_GAIN.MULTI_SAMPLING_NUMBER,DISABLE,0,S,,
FNC_STEP+RCP.OES.COMMENT,EVENT,Rcp_OES Comment,DISABLE,0,S,,
FNC_STEP+RCP.OES.DELAY_TIME,EVENT,FNC_STEP+RCP.OES.DELAY_TIME,DISABLE,0,S,,
FNC_STEP+RCP.OES.ENDPOINT_TIME.MAXIMUM,EVENT,FNC_STEP+RCP.OES.ENDPOINT_TIME.MAXIMUM,DISABLE,0,S,,
FNC_STEP+RCP.OES.ENDPOINT_TIME.MINIMUM,EVENT,FNC_STEP+RCP.OES.ENDPOINT_TIME.MINIMUM,DISABLE,0,S,,
FNC_STEP+RCP.OES.EXPECTED_VALUE.BF4,EVENT,FNC_STEP+RCP.OES.EXPECTED_VALUE.BF4,DISABLE,0,S,,
FNC_STEP+RCP.OES.EXPECTED_VALUE.IB1,EVENT,FNC_STEP+RCP.OES.EXPECTED_VALUE.IB1,DISABLE,0,S,,
FNC_STEP+RCP.OES.IBx.FILTER.1,EVENT,FNC_STEP+RCP.OES.IBx.FILTER.1,DISABLE,0,S,,
FNC_STEP+RCP.OES.IBx.FILTER.2,EVENT,FNC_STEP+RCP.OES.IBx.FILTER.2,DISABLE,0,S,,
FNC_STEP+RCP.OES.IBx.FILTER.3,EVENT,FNC_STEP+RCP.OES.IBx.FILTER.3,DISABLE,0,S,,
FNC_STEP+RCP.OES.IBx.FILTER.4,EVENT,FNC_STEP+RCP.OES.IBx.FILTER.4,DISABLE,0,S,,
FNC_STEP+RCP.OES.IBx.FILTER.5,EVENT,FNC_STEP+RCP.OES.IBx.FILTER.5,DISABLE,0,S,,
FNC_STEP+RCP.OES.IBx.FILTER.6,EVENT,FNC_STEP+RCP.OES.IBx.FILTER.6,DISABLE,0,S,,
FNC_STEP+RCP.OES.IBx.FILTER.7,EVENT,FNC_STEP+RCP.OES.IBx.FILTER.7,DISABLE,0,S,,
FNC_STEP+RCP.OES.IBx.FILTER.8,EVENT,FNC_STEP+RCP.OES.IBx.FILTER.8,DISABLE,0,S,,
FNC_STEP+RCP.OES.IBx.SIGNAL_CHANNEL.1,EVENT,FNC_STEP+RCP.OES.IBx.SIGNAL_CHANNEL.1,DISABLE,0,S,,
FNC_STEP+RCP.OES.IBx.SIGNAL_CHANNEL.2,EVENT,FNC_STEP+RCP.OES.IBx.SIGNAL_CHANNEL.2,DISABLE,0,S,,
FNC_STEP+RCP.OES.IBx.SIGNAL_CHANNEL.3,EVENT,FNC_STEP+RCP.OES.IBx.SIGNAL_CHANNEL.3,DISABLE,0,S,,
FNC_STEP+RCP.OES.IBx.SIGNAL_CHANNEL.4,EVENT,FNC_STEP+RCP.OES.IBx.SIGNAL_CHANNEL.4,DISABLE,0,S,,
FNC_STEP+RCP.OES.IBx.SIGNAL_CHANNEL.5,EVENT,FNC_STEP+RCP.OES.IBx.SIGNAL_CHANNEL.5,DISABLE,0,S,,
FNC_STEP+RCP.OES.IBx.SIGNAL_CHANNEL.6,EVENT,FNC_STEP+RCP.OES.IBx.SIGNAL_CHANNEL.6,DISABLE,0,S,,
FNC_STEP+RCP.OES.IBx.SIGNAL_CHANNEL.7,EVENT,FNC_STEP+RCP.OES.IBx.SIGNAL_CHANNEL.7,DISABLE,0,S,,
FNC_STEP+RCP.OES.IBx.SIGNAL_CHANNEL.8,EVENT,FNC_STEP+RCP.OES.IBx.SIGNAL_CHANNEL.8,DISABLE,0,S,,
FNC_STEP+RCP.OES.IBx.WAVE_LENGTH.1,EVENT,FNC_STEP+RCP.OES.IBx.WAVE_LENGTH.1,DISABLE,0,S,,
FNC_STEP+RCP.OES.IBx.WAVE_LENGTH.2,EVENT,FNC_STEP+RCP.OES.IBx.WAVE_LENGTH.2,DISABLE,0,S,,
FNC_STEP+RCP.OES.IBx.WAVE_LENGTH.3,EVENT,FNC_STEP+RCP.OES.IBx.WAVE_LENGTH.3,DISABLE,0,S,,
FNC_STEP+RCP.OES.IBx.WAVE_LENGTH.4,EVENT,FNC_STEP+RCP.OES.IBx.WAVE_LENGTH.4,DISABLE,0,S,,
FNC_STEP+RCP.OES.IBx.WAVE_LENGTH.5,EVENT,FNC_STEP+RCP.OES.IBx.WAVE_LENGTH.5,DISABLE,0,S,,
FNC_STEP+RCP.OES.IBx.WAVE_LENGTH.6,EVENT,FNC_STEP+RCP.OES.IBx.WAVE_LENGTH.6,DISABLE,0,S,,
FNC_STEP+RCP.OES.IBx.WAVE_LENGTH.7,EVENT,FNC_STEP+RCP.OES.IBx.WAVE_LENGTH.7,DISABLE,0,S,,
FNC_STEP+RCP.OES.IBx.WAVE_LENGTH.8,EVENT,FNC_STEP+RCP.OES.IBx.WAVE_LENGTH.8,DISABLE,0,S,,
FNC_STEP+RCP.OES.IBx.WIDTH.1,EVENT,FNC_STEP+RCP.OES.IBx.WIDTH.1,DISABLE,0,S,,
FNC_STEP+RCP.OES.IBx.WIDTH.2,EVENT,FNC_STEP+RCP.OES.IBx.WIDTH.2,DISABLE,0,S,,
FNC_STEP+RCP.OES.IBx.WIDTH.3,EVENT,FNC_STEP+RCP.OES.IBx.WIDTH.3,DISABLE,0,S,,
FNC_STEP+RCP.OES.IBx.WIDTH.4,EVENT,FNC_STEP+RCP.OES.IBx.WIDTH.4,DISABLE,0,S,,
FNC_STEP+RCP.OES.IBx.WIDTH.5,EVENT,FNC_STEP+RCP.OES.IBx.WIDTH.5,DISABLE,0,S,,
FNC_STEP+RCP.OES.IBx.WIDTH.6,EVENT,FNC_STEP+RCP.OES.IBx.WIDTH.6,DISABLE,0,S,,
FNC_STEP+RCP.OES.IBx.WIDTH.7,EVENT,FNC_STEP+RCP.OES.IBx.WIDTH.7,DISABLE,0,S,,
FNC_STEP+RCP.OES.IBx.WIDTH.8,EVENT,FNC_STEP+RCP.OES.IBx.WIDTH.8,DISABLE,0,S,,
FNC_STEP+RCP.OES.IEP_FLASH_LAMP,EVENT,FNC_STEP+RCP.OES.IEP_FLASH_LAMP,DISABLE,0,S,,
FNC_STEP+RCP.OES.PARAMETER.NORMALIZATION_TIME,EVENT,FNC_STEP+RCP.OES.PARAMETER.NORMALIZATION_TIME,DISABLE,0,S,,
FNC_STEP+RCP.OES.PARAMETER.PERCENT_TO_CHANGE,EVENT,FNC_STEP+RCP.OES.PARAMETER.PERCENT_TO_CHANGE,DISABLE,0,S,,
FNC_STEP+RCP.OES.PARAMETER.SLOPE_COUNT,EVENT,FNC_STEP+RCP.OES.PARAMETER.SLOPE_COUNT,DISABLE,0,S,,
FNC_STEP+RCP.OES.PARAMETER.SLOPE_DIRECTION,EVENT,FNC_STEP+RCP.OES.PARAMETER.SLOPE_DIRECTION,DISABLE,0,S,,
FNC_STEP+RCP.OES.PARAMETER.VALIDATION_TIME,EVENT,FNC_STEP+RCP.OES.PARAMETER.VALIDATION_TIME,DISABLE,0,S,,
FNC_STEP+RCP.OES.PARAMETER.VALUE_TO_CHANGE,EVENT,FNC_STEP+RCP.OES.PARAMETER.VALUE_TO_CHANGE,DISABLE,0,S,,
FNC_STEP+RCP.OES.SAVE_STEP_HISTORY,EVENT,FNC_STEP+RCP.OES.SAVE_STEP_HISTORY,DISABLE,0,S,,
FNC_STEP+RCP.OES.SNAPSHOT.DURATION,EVENT,FNC_STEP+RCP.OES.SNAPSHOT.DURATION,DISABLE,0,S,,
FNC_STEP+RCP.OES.SNAPSHOT.START_TIME,EVENT,FNC_STEP+RCP.OES.SNAPSHOT.START_TIME,DISABLE,0,S,,
FNC_STEP+RCP.OVERETCH,EVENT,Rcp_OverEtch Rate,DISABLE,0,A,,
FNC_STEP+RCP.RF.27MHz.FREQUENCY.LEARNED,EVENT,FNC_STEP+RCP.RF.27MHz.FREQUENCY.LEARNED,DISABLE,0,A,,
FNC_STEP+RCP.RF.27MHz.FREQUENCY.OUTPUT,EVENT,Rcp_RF27MHz Frequency Power,DISABLE,0,A,,
FNC_STEP+RCP.RF.27MHz.FREQUENCY.PRESET,EVENT,Rcp_RF27MHz Frequency Preset,DISABLE,0,A,,
FNC_STEP+RCP.RF.27MHz.FREQUENCY.TUNE.DELAY,EVENT,Rcp_RF27MHz Frequency Tune Delay Time,DISABLE,0,A,,
FNC_STEP+RCP.RF.27MHz.FREQUENCY.TUNE.USE,EVENT,Rcp_RF27MHz Frequency Tune Use,DISABLE,0,D,,
FNC_STEP+RCP.RF.27MHz.HOLD.TIME,EVENT,Rcp_RF27MHz Hold Time,DISABLE,0,A,,
FNC_STEP+RCP.RF.27MHz.MAX.REFLECT.COEFFICIENT,EVENT,Rcp_RF27MHz Max Reflect Coefficient,DISABLE,0,A,,
FNC_STEP+RCP.RF.27MHz.MAX.REFLECT.POWER,EVENT,Rcp_RF27MHz Max Reflect Power,DISABLE,0,A,,
FNC_STEP+RCP.RF.27MHz.POWER,EVENT,Rcp_RF27MHz Set Power,DISABLE,0,A,,
FNC_STEP+RCP.RF.27MHz.RAMP.TIME,EVENT,Rcp_RF27MHz Ramping Time,DISABLE,0,A,,
FNC_STEP+RCP.RF.27MHz.RAMP_DOWN.TIME,EVENT,FNC_STEP+RCP.RF.27MHz.RAMP_DOWN.TIME,DISABLE,0,A,,
FNC_STEP+RCP.RF.2MHz.FREQUENCY.LEARNED,EVENT,FNC_STEP+RCP.RF.2MHz.FREQUENCY.LEARNED,DISABLE,0,A,,
FNC_STEP+RCP.RF.2MHz.FREQUENCY.OUTPUT,EVENT,Rcp_RF2MHz Frequency Power,DISABLE,0,A,,
FNC_STEP+RCP.RF.2MHz.FREQUENCY.PRESET,EVENT,Rcp_RF2MHz Frequency Preset,DISABLE,0,A,,
FNC_STEP+RCP.RF.2MHz.FREQUENCY.TUNE.DELAY,EVENT,Rcp_RF2MHz Frequency Tune Delay Time,DISABLE,0,A,,
FNC_STEP+RCP.RF.2MHz.FREQUENCY.TUNE.USE,EVENT,Rcp_RF2MHz Frequency Tune Use,DISABLE,0,D,,
FNC_STEP+RCP.RF.2MHz.HOLD.TIME,EVENT,Rcp_RF2MHz Hold Time,DISABLE,0,A,,
FNC_STEP+RCP.RF.2MHz.MAX.REFLECT.COEFFICIENT,EVENT,Rcp_RF2MHz Max Reflect Coefficient,DISABLE,0,A,,
FNC_STEP+RCP.RF.2MHz.MAX.REFLECT.POWER,EVENT,Rcp_RF2MHz Max Reflect Power,DISABLE,0,A,,
FNC_STEP+RCP.RF.2MHz.POWER,EVENT,Rcp_RF2MHz Set Power,DISABLE,0,A,,
FNC_STEP+RCP.RF.2MHz.RAMP.TIME,EVENT,Rcp_RF2MHz Ramping Time,DISABLE,0,A,,
FNC_STEP+RCP.RF.2MHz.RAMP_DOWN.TIME,EVENT,FNC_STEP+RCP.RF.2MHz.RAMP_DOWN.TIME,DISABLE,0,A,,
FNC_STEP+RCP.RF.60MHz.FREQUENCY.LEARNED,EVENT,FNC_STEP+RCP.RF.60MHz.FREQUENCY.LEARNED,DISABLE,0,A,,
FNC_STEP+RCP.RF.60MHz.FREQUENCY.OUTPUT,EVENT,Rcp_RF60MHz Frequency Power,DISABLE,0,A,,
FNC_STEP+RCP.RF.60MHz.FREQUENCY.PRESET,EVENT,Rcp_RF60MHz Frequency Preset,DISABLE,0,A,,
FNC_STEP+RCP.RF.60MHz.FREQUENCY.TUNE.DELAY,EVENT,Rcp_RF60MHz Frequency Tune Delay Time,DISABLE,0,A,,
FNC_STEP+RCP.RF.60MHz.FREQUENCY.TUNE.USE,EVENT,Rcp_RF60MHz Frequency Tune Use,DISABLE,0,D,,
FNC_STEP+RCP.RF.60MHz.HOLD.TIME,EVENT,Rcp_RF60MHz Hold Time,DISABLE,0,A,,
FNC_STEP+RCP.RF.60MHz.MAX.REFLECT.COEFFICIENT,EVENT,Rcp_RF60MHz Max Reflect Coefficient,DISABLE,0,A,,
FNC_STEP+RCP.RF.60MHz.MAX.REFLECT.POWER,EVENT,Rcp_RF60MHz Max Reflect Power,DISABLE,0,A,,
FNC_STEP+RCP.RF.60MHz.POWER,EVENT,Rcp_RF60MHz Set Power,DISABLE,0,A,,
FNC_STEP+RCP.RF.60MHz.RAMP.TIME,EVENT,Rcp_RF60MHz Ramping Time,DISABLE,0,A,,
FNC_STEP+RCP.RF.60MHz.RAMP_DOWN.TIME,EVENT,FNC_STEP+RCP.RF.60MHz.RAMP_DOWN.TIME,DISABLE,0,A,,
FNC_STEP+RCP.SELECT.TUNING.LINE,EVENT,Rcp_Tuning Gas Line,DISABLE,0,D,,
FNC_STEP+RCP.STEP.MESSAGE,EVENT,Rcp_Step Message,DISABLE,0,S,,
FNC_STEP+RCP.STEP.TIME,EVENT,Rcp_Step Time,DISABLE,0,A,,
FNC_STEP+RCP.STEP.TYPE,EVENT,Rcp_Step Type,DISABLE,0,D,,
FNC_STEP+RCP.TOP_CHILLER_TEMP.ABORT,EVENT,FNC_STEP+RCP.TOP_CHILLER_TEMP.ABORT,DISABLE,0,A,,
FNC_STEP+RCP.TOP_CHILLER_TEMP.HIGH_LIMIT,EVENT,FNC_STEP+RCP.TOP_CHILLER_TEMP.HIGH_LIMIT,DISABLE,0,A,,
FNC_STEP+RCP.TOP_CHILLER_TEMP.LOW_LIMIT,EVENT,FNC_STEP+RCP.TOP_CHILLER_TEMP.LOW_LIMIT,DISABLE,0,A,,
FNC_STEP+RCP.TOP_CHILLER_TEMP.SET,EVENT,FNC_STEP+RCP.TOP_CHILLER_TEMP.SET,DISABLE,0,A,,
FNC_STEP+RCP.TOP_CHILLER_TEMP.TC,EVENT,FNC_STEP+RCP.TOP_CHILLER_TEMP.TC,DISABLE,0,A,,
FNC_STEP+RCP.TOP_CHILLER_TEMP.TS,EVENT,FNC_STEP+RCP.TOP_CHILLER_TEMP.TS,DISABLE,0,A,,
FNC_STEP+RCP.TOP_CHILLER_TEMP.WARNING,EVENT,FNC_STEP+RCP.TOP_CHILLER_TEMP.WARNING,DISABLE,0,A,,
FNC_STEP+RCP.TOP_PLATE_TEMP.ABORT,EVENT,FNC_STEP+RCP.TOP_PLATE_TEMP.ABORT,DISABLE,0,A,,
FNC_STEP+RCP.TOP_PLATE_TEMP.HIGH_LIMIT,EVENT,FNC_STEP+RCP.TOP_PLATE_TEMP.HIGH_LIMIT,DISABLE,0,A,,
FNC_STEP+RCP.TOP_PLATE_TEMP.LOW_LIMIT,EVENT,FNC_STEP+RCP.TOP_PLATE_TEMP.LOW_LIMIT,DISABLE,0,A,,
FNC_STEP+RCP.TOP_PLATE_TEMP.SET,EVENT,FNC_STEP+RCP.TOP_PLATE_TEMP.SET,DISABLE,0,A,,
FNC_STEP+RCP.TOP_PLATE_TEMP.TC,EVENT,FNC_STEP+RCP.TOP_PLATE_TEMP.TC,DISABLE,0,A,,
FNC_STEP+RCP.TOP_PLATE_TEMP.TS,EVENT,FNC_STEP+RCP.TOP_PLATE_TEMP.TS,DISABLE,0,A,,
FNC_STEP+RCP.TOP_PLATE_TEMP.WARNING,EVENT,FNC_STEP+RCP.TOP_PLATE_TEMP.WARNING,DISABLE,0,A,,
FNC_STEP+RCP.VALVE.HOLD.DELAY,EVENT,Rcp_APC Hold Delay Time,DISABLE,0,A,,
FNC_STEP+RCP.VALVE.LEARNED.POSITION,EVENT,FNC_STEP+RCP.VALVE.LEARNED.POSITION,DISABLE,0,A,,
FNC_STEP+RCP.VALVE.PRESET.OFFSET.POS,EVENT,FNC_STEP+RCP.VALVE.PRESET.OFFSET.POS,DISABLE,0,A,,
FNC_STEP+RCP.VALVE.PRESET.POSITION,EVENT,Rcp_APC Preset Position,DISABLE,0,A,,
FNC_STEP+RCP.VALVE.RAMP.TARGET.POS,EVENT,FNC_STEP+RCP.VALVE.RAMP.TARGET.POS,DISABLE,0,A,,
FNC_STEP+RCP.WAP.CONTROL.MODE,EVENT,Rcp_CR Control Mode,DISABLE,0,D,,
FNC_STEP+STEP.TIME.COUNT,INTERVAL,Step Time,ENABLE,0,S,,
FNC_STEP+TOLERANCE.F.CHM.PRESSURE,EVENT,FNC_STEP+TOLERANCE.F.CHM.PRESSURE,DISABLE,0,A,,
FNC_STEP+TOLERANCE.F.MFC.GAS1.FLOW,EVENT,FNC_STEP+TOLERANCE.F.MFC.GAS1.FLOW,DISABLE,0,A,,
FNC_STEP+TOLERANCE.F.MFC.GAS10.FLOW,EVENT,FNC_STEP+TOLERANCE.F.MFC.GAS10.FLOW,DISABLE,0,A,,
FNC_STEP+TOLERANCE.F.MFC.GAS11.FLOW,EVENT,FNC_STEP+TOLERANCE.F.MFC.GAS11.FLOW,DISABLE,0,A,,
FNC_STEP+TOLERANCE.F.MFC.GAS12.FLOW,EVENT,FNC_STEP+TOLERANCE.F.MFC.GAS12.FLOW,DISABLE,0,A,,
FNC_STEP+TOLERANCE.F.MFC.GAS13.FLOW,EVENT,FNC_STEP+TOLERANCE.F.MFC.GAS13.FLOW,DISABLE,0,A,,
FNC_STEP+TOLERANCE.F.MFC.GAS14.FLOW,EVENT,FNC_STEP+TOLERANCE.F.MFC.GAS14.FLOW,DISABLE,0,A,,
FNC_STEP+TOLERANCE.F.MFC.GAS15.FLOW,EVENT,FNC_STEP+TOLERANCE.F.MFC.GAS15.FLOW,DISABLE,0,A,,
FNC_STEP+TOLERANCE.F.MFC.GAS16.FLOW,EVENT,FNC_STEP+TOLERANCE.F.MFC.GAS16.FLOW,DISABLE,0,A,,
FNC_STEP+TOLERANCE.F.MFC.GAS17.FLOW,EVENT,FNC_STEP+TOLERANCE.F.MFC.GAS17.FLOW,DISABLE,0,A,,
FNC_STEP+TOLERANCE.F.MFC.GAS2.FLOW,EVENT,FNC_STEP+TOLERANCE.F.MFC.GAS2.FLOW,DISABLE,0,A,,
FNC_STEP+TOLERANCE.F.MFC.GAS3.FLOW,EVENT,FNC_STEP+TOLERANCE.F.MFC.GAS3.FLOW,DISABLE,0,A,,
FNC_STEP+TOLERANCE.F.MFC.GAS4.FLOW,EVENT,FNC_STEP+TOLERANCE.F.MFC.GAS4.FLOW,DISABLE,0,A,,
FNC_STEP+TOLERANCE.F.MFC.GAS5.FLOW,EVENT,FNC_STEP+TOLERANCE.F.MFC.GAS5.FLOW,DISABLE,0,A,,
FNC_STEP+TOLERANCE.F.MFC.GAS6.FLOW,EVENT,FNC_STEP+TOLERANCE.F.MFC.GAS6.FLOW,DISABLE,0,A,,
FNC_STEP+TOLERANCE.F.MFC.GAS7.FLOW,EVENT,FNC_STEP+TOLERANCE.F.MFC.GAS7.FLOW,DISABLE,0,A,,
FNC_STEP+TOLERANCE.F.MFC.GAS8.FLOW,EVENT,FNC_STEP+TOLERANCE.F.MFC.GAS8.FLOW,DISABLE,0,A,,
FNC_STEP+TOLERANCE.F.MFC.GAS9.FLOW,EVENT,FNC_STEP+TOLERANCE.F.MFC.GAS9.FLOW,DISABLE,0,A,,
FNC_STEP+TOLERANCE.F.RF.27MHz.POWER,EVENT,FNC_STEP+TOLERANCE.F.RF.27MHz.POWER,DISABLE,0,A,,
FNC_STEP+TOLERANCE.F.RF.2MHz.POWER,EVENT,FNC_STEP+TOLERANCE.F.RF.2MHz.POWER,DISABLE,0,A,,
FNC_STEP+TOLERANCE.F.RF.60MHz.POWER,EVENT,FNC_STEP+TOLERANCE.F.RF.60MHz.POWER,DISABLE,0,A,,
FNC_STEP+TOLERANCE.TC.CHM.PRESSURE,EVENT,FNC_STEP+TOLERANCE.TC.CHM.PRESSURE,DISABLE,0,A,,
FNC_STEP+TOLERANCE.TC.MFC.GAS1.FLOW,EVENT,FNC_STEP+TOLERANCE.TC.MFC.GAS1.FLOW,DISABLE,0,A,,
FNC_STEP+TOLERANCE.TC.MFC.GAS10.FLOW,EVENT,FNC_STEP+TOLERANCE.TC.MFC.GAS10.FLOW,DISABLE,0,A,,
FNC_STEP+TOLERANCE.TC.MFC.GAS11.FLOW,EVENT,FNC_STEP+TOLERANCE.TC.MFC.GAS11.FLOW,DISABLE,0,A,,
FNC_STEP+TOLERANCE.TC.MFC.GAS12.FLOW,EVENT,FNC_STEP+TOLERANCE.TC.MFC.GAS12.FLOW,DISABLE,0,A,,
FNC_STEP+TOLERANCE.TC.MFC.GAS13.FLOW,EVENT,FNC_STEP+TOLERANCE.TC.MFC.GAS13.FLOW,DISABLE,0,A,,
FNC_STEP+TOLERANCE.TC.MFC.GAS14.FLOW,EVENT,FNC_STEP+TOLERANCE.TC.MFC.GAS14.FLOW,DISABLE,0,A,,
FNC_STEP+TOLERANCE.TC.MFC.GAS15.FLOW,EVENT,FNC_STEP+TOLERANCE.TC.MFC.GAS15.FLOW,DISABLE,0,A,,
FNC_STEP+TOLERANCE.TC.MFC.GAS16.FLOW,EVENT,FNC_STEP+TOLERANCE.TC.MFC.GAS16.FLOW,DISABLE,0,A,,
FNC_STEP+TOLERANCE.TC.MFC.GAS17.FLOW,EVENT,FNC_STEP+TOLERANCE.TC.MFC.GAS17.FLOW,DISABLE,0,A,,
FNC_STEP+TOLERANCE.TC.MFC.GAS2.FLOW,EVENT,FNC_STEP+TOLERANCE.TC.MFC.GAS2.FLOW,DISABLE,0,A,,
FNC_STEP+TOLERANCE.TC.MFC.GAS3.FLOW,EVENT,FNC_STEP+TOLERANCE.TC.MFC.GAS3.FLOW,DISABLE,0,A,,
FNC_STEP+TOLERANCE.TC.MFC.GAS4.FLOW,EVENT,FNC_STEP+TOLERANCE.TC.MFC.GAS4.FLOW,DISABLE,0,A,,
FNC_STEP+TOLERANCE.TC.MFC.GAS5.FLOW,EVENT,FNC_STEP+TOLERANCE.TC.MFC.GAS5.FLOW,DISABLE,0,A,,
FNC_STEP+TOLERANCE.TC.MFC.GAS6.FLOW,EVENT,FNC_STEP+TOLERANCE.TC.MFC.GAS6.FLOW,DISABLE,0,A,,
FNC_STEP+TOLERANCE.TC.MFC.GAS7.FLOW,EVENT,FNC_STEP+TOLERANCE.TC.MFC.GAS7.FLOW,DISABLE,0,A,,
FNC_STEP+TOLERANCE.TC.MFC.GAS8.FLOW,EVENT,FNC_STEP+TOLERANCE.TC.MFC.GAS8.FLOW,DISABLE,0,A,,
FNC_STEP+TOLERANCE.TC.MFC.GAS9.FLOW,EVENT,FNC_STEP+TOLERANCE.TC.MFC.GAS9.FLOW,DISABLE,0,A,,
FNC_STEP+TOLERANCE.TC.RF.27MHz.POWER,EVENT,FNC_STEP+TOLERANCE.TC.RF.27MHz.POWER,DISABLE,0,A,,
FNC_STEP+TOLERANCE.TC.RF.2MHz.POWER,EVENT,FNC_STEP+TOLERANCE.TC.RF.2MHz.POWER,DISABLE,0,A,,
FNC_STEP+TOLERANCE.TC.RF.60MHz.POWER,EVENT,FNC_STEP+TOLERANCE.TC.RF.60MHz.POWER,DISABLE,0,A,,
FNC_STEP+TOLERANCE.TS.CHM.PRESSURE,EVENT,FNC_STEP+TOLERANCE.TS.CHM.PRESSURE,DISABLE,0,A,,
FNC_STEP+TOLERANCE.TS.MFC.GAS1.FLOW,EVENT,FNC_STEP+TOLERANCE.TS.MFC.GAS1.FLOW,DISABLE,0,A,,
FNC_STEP+TOLERANCE.TS.MFC.GAS10.FLOW,EVENT,FNC_STEP+TOLERANCE.TS.MFC.GAS10.FLOW,DISABLE,0,A,,
FNC_STEP+TOLERANCE.TS.MFC.GAS11.FLOW,EVENT,FNC_STEP+TOLERANCE.TS.MFC.GAS11.FLOW,DISABLE,0,A,,
FNC_STEP+TOLERANCE.TS.MFC.GAS12.FLOW,EVENT,FNC_STEP+TOLERANCE.TS.MFC.GAS12.FLOW,DISABLE,0,A,,
FNC_STEP+TOLERANCE.TS.MFC.GAS13.FLOW,EVENT,FNC_STEP+TOLERANCE.TS.MFC.GAS13.FLOW,DISABLE,0,A,,
FNC_STEP+TOLERANCE.TS.MFC.GAS14.FLOW,EVENT,FNC_STEP+TOLERANCE.TS.MFC.GAS14.FLOW,DISABLE,0,A,,
FNC_STEP+TOLERANCE.TS.MFC.GAS15.FLOW,EVENT,FNC_STEP+TOLERANCE.TS.MFC.GAS15.FLOW,DISABLE,0,A,,
FNC_STEP+TOLERANCE.TS.MFC.GAS16.FLOW,EVENT,FNC_STEP+TOLERANCE.TS.MFC.GAS16.FLOW,DISABLE,0,A,,
FNC_STEP+TOLERANCE.TS.MFC.GAS17.FLOW,EVENT,FNC_STEP+TOLERANCE.TS.MFC.GAS17.FLOW,DISABLE,0,A,,
FNC_STEP+TOLERANCE.TS.MFC.GAS2.FLOW,EVENT,FNC_STEP+TOLERANCE.TS.MFC.GAS2.FLOW,DISABLE,0,A,,
FNC_STEP+TOLERANCE.TS.MFC.GAS3.FLOW,EVENT,FNC_STEP+TOLERANCE.TS.MFC.GAS3.FLOW,DISABLE,0,A,,
FNC_STEP+TOLERANCE.TS.MFC.GAS4.FLOW,EVENT,FNC_STEP+TOLERANCE.TS.MFC.GAS4.FLOW,DISABLE,0,A,,
FNC_STEP+TOLERANCE.TS.MFC.GAS5.FLOW,EVENT,FNC_STEP+TOLERANCE.TS.MFC.GAS5.FLOW,DISABLE,0,A,,
FNC_STEP+TOLERANCE.TS.MFC.GAS6.FLOW,EVENT,FNC_STEP+TOLERANCE.TS.MFC.GAS6.FLOW,DISABLE,0,A,,
FNC_STEP+TOLERANCE.TS.MFC.GAS7.FLOW,EVENT,FNC_STEP+TOLERANCE.TS.MFC.GAS7.FLOW,DISABLE,0,A,,
FNC_STEP+TOLERANCE.TS.MFC.GAS8.FLOW,EVENT,FNC_STEP+TOLERANCE.TS.MFC.GAS8.FLOW,DISABLE,0,A,,
FNC_STEP+TOLERANCE.TS.MFC.GAS9.FLOW,EVENT,FNC_STEP+TOLERANCE.TS.MFC.GAS9.FLOW,DISABLE,0,A,,
FNC_STEP+TOLERANCE.TS.RF.27MHz.POWER,EVENT,FNC_STEP+TOLERANCE.TS.RF.27MHz.POWER,DISABLE,0,A,,
FNC_STEP+TOLERANCE.TS.RF.2MHz.POWER,EVENT,FNC_STEP+TOLERANCE.TS.RF.2MHz.POWER,DISABLE,0,A,,
FNC_STEP+TOLERANCE.TS.RF.60MHz.POWER,EVENT,FNC_STEP+TOLERANCE.TS.RF.60MHz.POWER,DISABLE,0,A,,
FNC_STEP+TOLERANCE.W.CHM.PRESSURE,EVENT,FNC_STEP+TOLERANCE.W.CHM.PRESSURE,DISABLE,0,A,,
FNC_STEP+TOLERANCE.W.MFC.GAS1.FLOW,EVENT,FNC_STEP+TOLERANCE.W.MFC.GAS1.FLOW,DISABLE,0,A,,
FNC_STEP+TOLERANCE.W.MFC.GAS10.FLOW,EVENT,FNC_STEP+TOLERANCE.W.MFC.GAS10.FLOW,DISABLE,0,A,,
FNC_STEP+TOLERANCE.W.MFC.GAS11.FLOW,EVENT,FNC_STEP+TOLERANCE.W.MFC.GAS11.FLOW,DISABLE,0,A,,
FNC_STEP+TOLERANCE.W.MFC.GAS12.FLOW,EVENT,FNC_STEP+TOLERANCE.W.MFC.GAS12.FLOW,DISABLE,0,A,,
FNC_STEP+TOLERANCE.W.MFC.GAS13.FLOW,EVENT,FNC_STEP+TOLERANCE.W.MFC.GAS13.FLOW,DISABLE,0,A,,
FNC_STEP+TOLERANCE.W.MFC.GAS14.FLOW,EVENT,FNC_STEP+TOLERANCE.W.MFC.GAS14.FLOW,DISABLE,0,A,,
FNC_STEP+TOLERANCE.W.MFC.GAS15.FLOW,EVENT,FNC_STEP+TOLERANCE.W.MFC.GAS15.FLOW,DISABLE,0,A,,
FNC_STEP+TOLERANCE.W.MFC.GAS16.FLOW,EVENT,FNC_STEP+TOLERANCE.W.MFC.GAS16.FLOW,DISABLE,0,A,,
FNC_STEP+TOLERANCE.W.MFC.GAS17.FLOW,EVENT,FNC_STEP+TOLERANCE.W.MFC.GAS17.FLOW,DISABLE,0,A,,
FNC_STEP+TOLERANCE.W.MFC.GAS2.FLOW,EVENT,FNC_STEP+TOLERANCE.W.MFC.GAS2.FLOW,DISABLE,0,A,,
FNC_STEP+TOLERANCE.W.MFC.GAS3.FLOW,EVENT,FNC_STEP+TOLERANCE.W.MFC.GAS3.FLOW,DISABLE,0,A,,
FNC_STEP+TOLERANCE.W.MFC.GAS4.FLOW,EVENT,FNC_STEP+TOLERANCE.W.MFC.GAS4.FLOW,DISABLE,0,A,,
FNC_STEP+TOLERANCE.W.MFC.GAS5.FLOW,EVENT,FNC_STEP+TOLERANCE.W.MFC.GAS5.FLOW,DISABLE,0,A,,
FNC_STEP+TOLERANCE.W.MFC.GAS6.FLOW,EVENT,FNC_STEP+TOLERANCE.W.MFC.GAS6.FLOW,DISABLE,0,A,,
FNC_STEP+TOLERANCE.W.MFC.GAS7.FLOW,EVENT,FNC_STEP+TOLERANCE.W.MFC.GAS7.FLOW,DISABLE,0,A,,
FNC_STEP+TOLERANCE.W.MFC.GAS8.FLOW,EVENT,FNC_STEP+TOLERANCE.W.MFC.GAS8.FLOW,DISABLE,0,A,,
FNC_STEP+TOLERANCE.W.MFC.GAS9.FLOW,EVENT,FNC_STEP+TOLERANCE.W.MFC.GAS9.FLOW,DISABLE,0,A,,
FNC_STEP+TOLERANCE.W.RF.27MHz.POWER,EVENT,FNC_STEP+TOLERANCE.W.RF.27MHz.POWER,DISABLE,0,A,,
FNC_STEP+TOLERANCE.W.RF.2MHz.POWER,EVENT,FNC_STEP+TOLERANCE.W.RF.2MHz.POWER,DISABLE,0,A,,
FNC_STEP+TOLERANCE.W.RF.60MHz.POWER,EVENT,FNC_STEP+TOLERANCE.W.RF.60MHz.POWER,DISABLE,0,A,,
IO+ai.BICEP.Volt,INTERVAL,BICEP Voltage,ENABLE,0,A,,
IO+ai.ChamPress.Manometer,INTERVAL,Chamber Pressure,ENABLE,0,A,,
IO+ai.DGF.Manometer,INTERVAL,DGF Pressure,ENABLE,0,A,,
IO+ai.ESC.Bias.Ne.Volt,INTERVAL,ESC BIAS NE,ENABLE,0,A,,
IO+ai.ESC.Bias.Po.Volt,INTERVAL,ESC BIAS PO,ENABLE,0,A,,
IO+ai.ESC.Cur.Monitor1,INTERVAL,ESC Current Monitor 1,ENABLE,0,A,,
IO+ai.ESC.Cur.Monitor2,INTERVAL,ESC Current Monitor 2,ENABLE,0,A,,
IO+ai.ESC.Total.Ne.Volt,INTERVAL,ESC VOLT NE,ENABLE,0,A,,
IO+ai.ESC.Total.Po.Volt,INTERVAL,ESC VOLT PO,ENABLE,0,A,,
IO+ai.ESCCoolant.Flow,INTERVAL,ESC Coolant Flow,ENABLE,0,A,,
IO+ai.ForelinePress.Manometer,INTERVAL,Foreline Pressure,ENABLE,0,A,,
IO+ai.HeBack.Flow.Inner,INTERVAL,ESC He Inner Flow,ENABLE,0,A,,
IO+ai.HeBack.Flow.Outer,INTERVAL,ESC He Outer Flow,ENABLE,0,A,,
IO+ai.HeBack.Press.Inner,INTERVAL,ESC He Inner Pressure,ENABLE,0,A,,
IO+ai.HeBack.Press.Outer,INTERVAL,ESC He Outer Pressure,ENABLE,0,A,,
IO+ai.Press.Trans01,INTERVAL,Pressure Tranducer 1,DISABLE,0,A,,
IO+ai.Press.Trans01.Volt,INTERVAL,IO+ai.Press.Trans01.Volt,DISABLE,0,A,,
IO+ai.Press.Trans02,INTERVAL,Pressure Tranducer 2,DISABLE,0,A,,
IO+ai.Press.Trans02.Volt,INTERVAL,IO+ai.Press.Trans02.Volt,DISABLE,0,A,,
IO+ai.Press.Trans03,INTERVAL,Pressure Tranducer 3,DISABLE,0,A,,
IO+ai.Press.Trans03.Volt,INTERVAL,IO+ai.Press.Trans03.Volt,DISABLE,0,A,,
IO+ai.Press.Trans04,INTERVAL,Pressure Tranducer 4,DISABLE,0,A,,
IO+ai.Press.Trans04.Volt,INTERVAL,IO+ai.Press.Trans04.Volt,DISABLE,0,A,,
IO+ai.Press.Trans05,INTERVAL,Pressure Tranducer 5,DISABLE,0,A,,
IO+ai.Press.Trans05.Volt,INTERVAL,IO+ai.Press.Trans05.Volt,DISABLE,0,A,,
IO+ai.Press.Trans06,INTERVAL,Pressure Tranducer 6,DISABLE,0,A,,
IO+ai.Press.Trans06.Volt,INTERVAL,IO+ai.Press.Trans06.Volt,DISABLE,0,A,,
IO+ai.Press.Trans07,INTERVAL,Pressure Tranducer 7,DISABLE,0,A,,
IO+ai.Press.Trans07.Volt,INTERVAL,IO+ai.Press.Trans07.Volt,DISABLE,0,A,,
IO+ai.Press.Trans08,INTERVAL,Pressure Tranducer 8,DISABLE,0,A,,
IO+ai.Press.Trans08.Volt,INTERVAL,IO+ai.Press.Trans08.Volt,DISABLE,0,A,,
IO+ai.Press.Trans09,INTERVAL,Pressure Tranducer 9,DISABLE,0,A,,
IO+ai.Press.Trans09.Volt,INTERVAL,IO+ai.Press.Trans09.Volt,DISABLE,0,A,,
IO+ai.Press.Trans10,INTERVAL,Pressure Tranducer 10,DISABLE,0,A,,
IO+ai.Press.Trans10.Volt,INTERVAL,IO+ai.Press.Trans10.Volt,DISABLE,0,A,,
IO+ai.Press.Trans11,INTERVAL,Pressure Tranducer 11,DISABLE,0,A,,
IO+ai.Press.Trans11.Volt,INTERVAL,IO+ai.Press.Trans11.Volt,DISABLE,0,A,,
IO+ai.Press.Trans12,INTERVAL,Pressure Tranducer 12,DISABLE,0,A,,
IO+ai.Press.Trans12.Volt,INTERVAL,IO+ai.Press.Trans12.Volt,DISABLE,0,A,,
IO+ai.Press.Trans13,INTERVAL,Pressure Tranducer 13,DISABLE,0,A,,
IO+ai.Press.Trans13.Volt,INTERVAL,IO+ai.Press.Trans13.Volt,DISABLE,0,A,,
IO+ai.Press.Trans14,INTERVAL,Pressure Tranducer 14,DISABLE,0,A,,
IO+ai.Press.Trans14.Volt,INTERVAL,IO+ai.Press.Trans14.Volt,DISABLE,0,A,,
IO+ai.Press.Trans15,INTERVAL,Pressure Tranducer 15,DISABLE,0,A,,
IO+ai.Press.Trans15.Volt,INTERVAL,IO+ai.Press.Trans15.Volt,DISABLE,0,A,,
IO+ai.Press.Trans16,INTERVAL,Pressure Tranducer 16,DISABLE,0,A,,
IO+ai.Press.Trans16.Volt,INTERVAL,IO+ai.Press.Trans16.Volt,DISABLE,0,A,,
IO+ai.Press.Trans17,INTERVAL,Pressure Tranducer 17,DISABLE,0,A,,
IO+ai.Press.Trans17.Volt,INTERVAL,IO+ai.Press.Trans17.Volt,DISABLE,0,A,,
IO+ai.Press.Trans18,INTERVAL,Pressure Tranducer 18,DISABLE,0,A,,
IO+ai.Press.Trans18.Volt,INTERVAL,IO+ai.Press.Trans18.Volt,DISABLE,0,A,,
IO+ai.Process.Manometer,INTERVAL,Process Pressure,ENABLE,0,A,,
IO+ai.TCU.ESC.Temp,INTERVAL,TCU ESC Temp,ENABLE,0,A,,
IO+ai.TCU.TopPlate.Temp,INTERVAL,TCU TopPlate Temp,ENABLE,0,A,,
IO+ai.Upr.Elect.DCBias,INTERVAL,ESC Upper Elect DC Bias,ENABLE,0,A,,
IO+ao.DCProbe.Gain,INTERVAL,DC Probe Gain Set,ENABLE,0,A,,
IO+ao.DCProbe.Offset,INTERVAL,DC Probe Offset Set,ENABLE,0,A,,
IO+ao.ESCBias.Offset,INTERVAL,ESC Bias Offset,ENABLE,0,A,,
IO+ao.ESCBias.Slope,INTERVAL,ESC Bias Slope,ENABLE,0,A,,
IO+ao.ESCVolt.Setpoint,INTERVAL,ESC Set Voltage,ENABLE,0,A,,
IO+ao.ExtBias.Setpoint,INTERVAL,ESC External Bias Set Voltage,ENABLE,0,A,,
IO+ao.HePress.Setpoint.Inner,INTERVAL,He IZ Pressure Set,ENABLE,0,A,,
IO+ao.HePress.Setpoint.Outer,INTERVAL,He OZ Pressure Set,ENABLE,0,A,,
IO+ao.TCU.ESC.SetTemp,INTERVAL,TCU ESC Set Temp,ENABLE,0,A,,
IO+ao.TCU.TopPlate.SetTemp,INTERVAL,TCU TopPlate Set Temp,ENABLE,0,A,,
IO+di.27MHz.Match.Fan.On.Sts,INTERVAL,Matcher 27MHz Fan Status,ENABLE,0,D,,
IO+di.27MHz.RF.Cover.Switch,INTERVAL,RF 27MHz Cover Switch Status,ENABLE,0,D,,
IO+di.27MHz.RF.Fan.On.Sts,INTERVAL,RF 27MHz Fan Status,ENABLE,0,D,,
IO+di.2MHz.RF.Cover.Switch,INTERVAL,RF 2MHz Cover Switch Status,ENABLE,0,D,,
IO+di.2MHz.RF.Fan.On.Sts,INTERVAL,RF 2MHz Fan Status,ENABLE,0,D,,
IO+di.60MHz.Max.Ref.Power,INTERVAL,RF 60MHz Max Reflect Power Status,ENABLE,0,D,,
IO+di.60MHz.RF.Interlock.Sts,INTERVAL,RF 60MHz Interlock Status,ENABLE,0,D,,
IO+di.60MHz.RF.On.Sts,INTERVAL,RF 60MHz RF On Status,ENABLE,0,D,,
IO+di.60MHz.RF.OverTemp.Sts,INTERVAL,RF 60MHz OverTemp Status,ENABLE,0,D,,
IO+di.60MHz.Water.On.Sts,INTERVAL,RF 60MHz Water On Status,ENABLE,0,D,,
IO+di.Comm.Sts,INTERVAL,IO+di.Comm.Sts,DISABLE,0,S,,
IO+di.Lo.Match.Cover.Switch,INTERVAL,Matcher Low Cover Switch Status,DISABLE,0,D,,
IO+di.Manual.End.Point.Sns,INTERVAL,End Poinst Sensor Status,ENABLE,0,D,,
IO+di.RF.AC.Contactor,INTERVAL,RF AC Contactor Status,ENABLE,0,D,,
IO+di.RF.Ground.Down.Sns,INTERVAL,RF Ground Down Sensor Status,ENABLE,0,D,,
IO+di.RF.Ground.Up.Sns,INTERVAL,RF Ground Up Sensor Status,ENABLE,0,D,,
IO+di.Scrubber.Switch.Sts,INTERVAL,Scrubber Switch Status,ENABLE,0,D,,
IO+di.TCU.Control.Mode,INTERVAL,TCU Control Mode Status,ENABLE,0,D,,
IO+di.TCU.Error.Sts,INTERVAL,TCU Error Status,ENABLE,0,D,,
IO+di.TCU.Run.Sts,INTERVAL,TCU Run Status,ENABLE,0,D,,
IO+di.TCU.Warning.Sts,INTERVAL,TCU Warning Status,ENABLE,0,D,,
IO+di.Throttle.Valve.Lock.Sns,INTERVAL,Throttle Valve Lock Sensor Status,ENABLE,0,D,,
IO+di.WAP.Error.Sts,INTERVAL,IO+di.WAP.Error.Sts,DISABLE,0,D,,
IO+di.WaferLifterDown.Sns,INTERVAL,Lift Pin Down Sts,ENABLE,0,D,,
IO+di.WaferLifterUp.Sns,INTERVAL,Lift Pin Up Sts,ENABLE,0,D,,
IO+do.2MHz.RF.Tap.K1.Spare.06,INTERVAL,Not Use,DISABLE,0,D,,
IO+do.2MHz.RF.Tap.K2.Spare.07,INTERVAL,Not Use,DISABLE,0,D,,
IO+do.2MHz.RF.Tap.K3.Spare.08,INTERVAL,Not Use,DISABLE,0,D,,
IO+do.60MHz.RF.Switch.Spare.05,INTERVAL,Not Use,DISABLE,0,D,,
IO+do.Bias.Compensation.Enable,INTERVAL,ESC Bias Compensation Enable Set,ENABLE,0,D,,
IO+do.Compensation.Mode.Select,INTERVAL,ESC Bias Compensation Mode Set,ENABLE,0,D,,
IO+do.ESC.Reverse.Polarity,INTERVAL,ESC Reverse Polarity Set,ENABLE,0,D,,
IO+do.ESCPower.On,INTERVAL,ESC Power On Set,ENABLE,0,D,,
IO+do.ExtVolt.Compensation.Enable,INTERVAL,External Volt Compensation Enable Set,ENABLE,0,D,,
IO+do.FixedBias.Setpoint.Invert,INTERVAL,Fixed Bias Setpoint Inverter Set,ENABLE,0,D,,
IO+do.HeBallast.Valve.Inner,INTERVAL,He Ballast Vlv In,ENABLE,0,D,,
IO+do.HeBallast.Valve.Outer,INTERVAL,He Ballast Vlv Out,ENABLE,0,D,,
IO+do.HeForeline.Valve,INTERVAL,He Foreline Vlv,ENABLE,0,D,,
IO+do.HeIso.Valve.Inner,INTERVAL,He Iso Vlv In,ENABLE,0,D,,
IO+do.HeIso.Valve.Outer,INTERVAL,He Iso Vlv Out,ENABLE,0,D,,
IO+do.HeSupply.Valve,INTERVAL,He Supply Vlv,ENABLE,0,D,,
IO+do.HeZone.Evac.Valve.Inner,INTERVAL,He Evac Vlv In,ENABLE,0,D,,
IO+do.HeZone.Evac.Valve.Outer,INTERVAL,He Evac Vlv Out,ENABLE,0,D,,
IO+do.PC.Alive.Toggle,INTERVAL,IO+do.PC.Alive.Toggle,DISABLE,0,D,,
IO+do.Pin.Middle.Down,INTERVAL,IO+do.Pin.Middle.Down,DISABLE,0,D,,
IO+do.Pin.Middle.Up,INTERVAL,IO+do.Pin.Middle.Up,DISABLE,0,D,,
IO+do.RF.AC.Contactor,INTERVAL,RF AC Contactor Set,ENABLE,0,D,,
IO+do.TCU.Control.Mode,INTERVAL,TCU Control Mode Set,ENABLE,0,D,,
IO+do.TCU.Run,INTERVAL,TCU Run Set,ENABLE,0,D,,
IO+do.TCU.Source.Power,INTERVAL,TCU Source Power Set,ENABLE,0,D,,
IO+do.Throttle.Valve.Lock,INTERVAL,Throttle Valve Lock Set,ENABLE,0,D,,
IO+do.TunningGas.Center.V525,INTERVAL,Tuning Gas Vlv Center,ENABLE,0,D,,
IO+do.TunningGas.Edge.V526,INTERVAL,Tuning Gas Vlv Edge,ENABLE,0,D,,
IO+do.WaferLifter.Down,INTERVAL,Lift Pin Down Set,ENABLE,0,D,,
IO+do.WaferLifter.Up,INTERVAL,Lift Pin Up Set,ENABLE,0,D,,
IO+do.WapError.Reset,INTERVAL,WAP Error Reset,ENABLE,0,D,,
PHY_IO_ESC+CUR.BIAS.VOLT,INTERVAL,PHY_IO_ESC+CUR.BIAS.VOLT,DISABLE,0,A,,
PHY_IO_ESC+CUR.CURRENT.MONITOR1,INTERVAL,PHY_IO_ESC+CUR.CURRENT.MONITOR1,DISABLE,0,A,,
PHY_IO_ESC+CUR.CURRENT.MONITOR2,INTERVAL,PHY_IO_ESC+CUR.CURRENT.MONITOR2,DISABLE,0,A,,
PHY_IO_ESC+CUR.TOTAL.VOLT,INTERVAL,PHY_IO_ESC+CUR.TOTAL.VOLT,DISABLE,0,A,,
PHY_IO_ESC+SET.CHARGE.TIME,INTERVAL,PHY_IO_ESC+SET.CHARGE.TIME,DISABLE,0,A,,
PHY_IO__APC_VLV+INR.OUT.sPOSITION.VALUE,INTERVAL,APC Position,ENABLE,0,S,,
PHY_IO__APC_VLV+INR.OUT.sPRESSURE.VALUE,INTERVAL,APC Pressure,ENABLE,0,S,,
PHY_IO__HEATER+BTM.TEMPERATURE,INTERVAL,Bottom Heater Temp,ENABLE,0,A,,
PHY_IO__HEATER+CUR.DERIVATIVE.TERM,INTERVAL,PHY_IO__HEATER+CUR.DERIVATIVE.TERM,DISABLE,0,A,,
PHY_IO__HEATER+CUR.INTERGRAL.TERM,INTERVAL,PHY_IO__HEATER+CUR.INTERGRAL.TERM,DISABLE,0,A,,
PHY_IO__HEATER+CUR.PROC.TEMP,INTERVAL,Chamber Heater Temp,ENABLE,0,A,,
PHY_IO__HEATER+CUR.PROPORT.IONALBAND,INTERVAL,PHY_IO__HEATER+CUR.PROPORT.IONALBAND,DISABLE,0,A,,
PHY_IO__HEATER+CUR.TEMP.SETPOINT.READY,INTERVAL,PHY_IO__HEATER+CUR.TEMP.SETPOINT.READY,DISABLE,0,A,,
PHY_IO__HEATER+SET.TEMP,INTERVAL,PHY_IO__HEATER+SET.TEMP,DISABLE,0,A,,
PHY_IO__HEATER+TOP.TEMPERATURE,INTERVAL,Top Heater Temp,ENABLE,0,A,,
PHY_IO__MOTION+COUNT.PULSE.VALUE,INTERVAL,WAP Ring Pulse Pos,ENABLE,0,A,,
PHY_IO__MOTION+COUNT.VALUE,INTERVAL,WAP Ring Enc Pos,ENABLE,0,A,,
PHY_IO__RF_27MHz+CUR.SET.POINT,INTERVAL,RF27MHz Cur Set Pwr,ENABLE,0,A,,
PHY_IO__RF_27MHz+FREQ.VALUE,INTERVAL,RF27MHz Freq,ENABLE,0,A,,
PHY_IO__RF_27MHz+FWD.POWER,INTERVAL,RF27MHz Forward Pwr,ENABLE,0,A,,
PHY_IO__RF_27MHz+PA.CURRENT,INTERVAL,RF27MHz PA Current,ENABLE,0,A,,
PHY_IO__RF_27MHz+PA.DISSIPATION,INTERVAL,RF27MHz PA Dissipation,ENABLE,0,A,,
PHY_IO__RF_27MHz+PA.VOLTAGE,INTERVAL,RF27MHz PA Voltage,ENABLE,0,A,,
PHY_IO__RF_27MHz+REFL.POWER,INTERVAL,RF27MHz Reflect Pwr,ENABLE,0,A,,
PHY_IO__RF_27MHz+RF.BREAK.VOLTAGE.STS,INTERVAL,RF27MHz Break Volt Sts,ENABLE,0,D,,
PHY_IO__RF_27MHz+RF.DRIVER.FAULT,INTERVAL,RF27MHz Driver Fault Sts,ENABLE,0,D,,
PHY_IO__RF_27MHz+RF.ERROR.STATUS,INTERVAL,RF27MHz Error Sts,ENABLE,0,D,,
PHY_IO__RF_27MHz+RF.FAN.FAULT,INTERVAL,RF27MHz Fan Fault,ENABLE,0,D,,
PHY_IO__RF_27MHz+RF.ON.STAUTS,INTERVAL,RF27MHz Power On Sts,ENABLE,0,D,,
PHY_IO__RF_27MHz+RF.OVER.HEAT,INTERVAL,RF27MHz Over heat Sts,ENABLE,0,D,,
PHY_IO__RF_27MHz+RF.POWER.LIMIT,INTERVAL,RF27MHz Power Limit Sts,ENABLE,0,D,,
PHY_IO__RF_27MHz+RF.TEMPRATURE,INTERVAL,RF27MHz Temperature,ENABLE,0,A,,
PHY_IO__RF_27MHz+ao.RF.Freq,INTERVAL,,DISABLE,0,A,,
PHY_IO__RF_27MHz+ao.Set.Power,INTERVAL,RF27MHz Set Pwr,ENABLE,0,A,,
PHY_IO__RF_27MHz+ao.Start.Freq,INTERVAL,,DISABLE,0,A,,
PHY_IO__RF_2MHz+CUR.SET.POINT,INTERVAL,RF2MHz Cur Set Pwr,ENABLE,0,A,,
PHY_IO__RF_2MHz+FREQ.VALUE,INTERVAL,RF2MHz Freq,ENABLE,0,A,,
PHY_IO__RF_2MHz+FWD.POWER,INTERVAL,RF2MHz Forward Pwr,ENABLE,0,A,,
PHY_IO__RF_2MHz+PA.CURRENT,INTERVAL,RF2MHz PA Current,ENABLE,0,A,,
PHY_IO__RF_2MHz+PA.DISSIPATION,INTERVAL,RF2MHz PA Dissipation,ENABLE,0,A,,
PHY_IO__RF_2MHz+PA.VOLTAGE,INTERVAL,RF2MHz PA Voltage,ENABLE,0,A,,
PHY_IO__RF_2MHz+REFL.POWER,INTERVAL,RF2MHz Reflect Pwr,ENABLE,0,A,,
PHY_IO__RF_2MHz+RF.BREAK.VOLTAGE.STS,INTERVAL,RF2MHz Break Volt Sts,ENABLE,0,D,,
PHY_IO__RF_2MHz+RF.DRIVER.FAULT,INTERVAL,RF2MHz Driver Fault Sts,ENABLE,0,D,,
PHY_IO__RF_2MHz+RF.ERROR.STATUS,INTERVAL,RF2MHz Error Sts,ENABLE,0,D,,
PHY_IO__RF_2MHz+RF.FAN.FAULT,INTERVAL,RF2MHz Fan Fault,ENABLE,0,D,,
PHY_IO__RF_2MHz+RF.ON.STAUTS,INTERVAL,RF2MHz Power On Sts,ENABLE,0,D,,
PHY_IO__RF_2MHz+RF.OVER.HEAT,INTERVAL,RF2MHz Over heat Sts,ENABLE,0,D,,
PHY_IO__RF_2MHz+RF.POWER.LIMIT,INTERVAL,RF2MHz Power Limit Sts,ENABLE,0,D,,
PHY_IO__RF_2MHz+RF.TEMPRATURE,INTERVAL,RF2MHz Temperature,ENABLE,0,A,,
PHY_IO__RF_2MHz+ao.RF.Freq,INTERVAL,,DISABLE,0,A,,
PHY_IO__RF_2MHz+ao.Set.Power,INTERVAL,,DISABLE,0,A,,
PHY_IO__RF_2MHz+ao.Start.Freq,INTERVAL,,DISABLE,0,A,,
PHY_IO__RF_60MHz+FREQ.VALUE,INTERVAL,PHY_IO__RF_60MHz+FREQ.VALUE,DISABLE,0,A,,
PHY_IO__RF_60MHz+FWD.POWER,INTERVAL,RF60MHz Forward Pwr,ENABLE,0,A,,
PHY_IO__RF_60MHz+REFL.POWER,INTERVAL,RF60MHz Reflect Pwr,ENABLE,0,A,,
PHY_IO__SPECTROMETER+EPD.SIGNAL,INTERVAL,PHY_IO__SPECTROMETER+EPD.SIGNAL,DISABLE,0,A,,
PHY_IO__SPECTROMETER+OES.BROADBAND.SIGNAL.AVG,INTERVAL,PHY_IO__SPECTROMETER+OES.BROADBAND.SIGNAL.AVG,DISABLE,0,A,,
PHY_IO__SPECTROMETER+OES.SPECTROM.DATA,INTERVAL,PHY_IO__SPECTROMETER+OES.SPECTROM.DATA,DISABLE,0,S,,
PHY_IO__SPECTROMETER+OES.SPECTROM.WAVELENGTH,INTERVAL,PHY_IO__SPECTROMETER+OES.SPECTROM.WAVELENGTH,DISABLE,0,S,,
PHY_IO__SPECTROMETER+SPEC.IB1.FILTERED.DATA,INTERVAL,PHY_IO__SPECTROMETER+SPEC.IB1.FILTERED.DATA,DISABLE,0,A,,
PHY_IO__SPECTROMETER+SPEC.IB2.FILTERED.DATA,INTERVAL,PHY_IO__SPECTROMETER+SPEC.IB2.FILTERED.DATA,DISABLE,0,A,,
PHY_IO__SPECTROMETER+SPEC.IB3.FILTERED.DATA,INTERVAL,PHY_IO__SPECTROMETER+SPEC.IB3.FILTERED.DATA,DISABLE,0,A,,
PHY_IO__SPECTROMETER+SPEC.IB4.FILTERED.DATA,INTERVAL,PHY_IO__SPECTROMETER+SPEC.IB4.FILTERED.DATA,DISABLE,0,A,,
PHY_IO__SPECTROMETER+SPEC.IB5.FILTERED.DATA,INTERVAL,PHY_IO__SPECTROMETER+SPEC.IB5.FILTERED.DATA,DISABLE,0,A,,
PHY_IO__SPECTROMETER+SPEC.IB6.FILTERED.DATA,INTERVAL,PHY_IO__SPECTROMETER+SPEC.IB6.FILTERED.DATA,DISABLE,0,A,,
PHY_IO__SPECTROMETER+SPEC.IB7.FILTERED.DATA,INTERVAL,PHY_IO__SPECTROMETER+SPEC.IB7.FILTERED.DATA,DISABLE,0,A,,
PHY_IO__SPECTROMETER+SPEC.IB8.FILTERED.DATA,INTERVAL,PHY_IO__SPECTROMETER+SPEC.IB8.FILTERED.DATA,DISABLE,0,A,,
PHY_IO__SPECTROMETER+ai.Spectrum.1,INTERVAL,PHY_IO__SPECTROMETER+ai.Spectrum.1,DISABLE,0,A,,
PHY_IO__SPECTROMETER+ai.Spectrum.2,INTERVAL,PHY_IO__SPECTROMETER+ai.Spectrum.2,DISABLE,0,A,,
PHY_IO__SPECTROMETER+ai.Spectrum.3,INTERVAL,PHY_IO__SPECTROMETER+ai.Spectrum.3,DISABLE,0,A,,
PHY_IO__SPECTROMETER+ai.Spectrum.4,INTERVAL,PHY_IO__SPECTROMETER+ai.Spectrum.4,DISABLE,0,A,,
PHY_IO__SPECTROMETER+ai.Spectrum.5,INTERVAL,PHY_IO__SPECTROMETER+ai.Spectrum.5,DISABLE,0,A,,
PHY_IO__SPECTROMETER+ai.Spectrum.6,INTERVAL,PHY_IO__SPECTROMETER+ai.Spectrum.6,DISABLE,0,A,,
PHY_IO__SPECTROMETER+ai.Spectrum.7,INTERVAL,PHY_IO__SPECTROMETER+ai.Spectrum.7,DISABLE,0,A,,
PHY_IO__SPECTROMETER+ai.Spectrum.8,INTERVAL,PHY_IO__SPECTROMETER+ai.Spectrum.8,DISABLE,0,A,,
PHY_MATCH+27MHz.LOAD.CUR.POS,INTERVAL,27MHz Load Pos,ENABLE,0,A,,
PHY_MATCH+27MHz.PRESET.CUR.NUMBER,INTERVAL,27MHz Preset No,ENABLE,0,D,,
PHY_MATCH+27MHz.TUNE.CUR.POS,INTERVAL,27MHz Tune Pos,ENABLE,0,A,,
PHY_MATCH+2MHz.LOAD.CUR.POS,INTERVAL,2MHz Load Pos,ENABLE,0,A,,
PHY_MATCH+2MHz.PRESET.CUR.NUMBER,INTERVAL,2MHz Preset No,ENABLE,0,D,,
PHY_MATCH+2MHz.TUNE.CUR.POS,INTERVAL,2MHz Tune Pos,ENABLE,0,A,,
PHY_MATCH+60MHz.LOAD.CUR.POS,INTERVAL,60MHz Load Pos,ENABLE,0,A,,
PHY_MATCH+60MHz.PRESET.CUR.NUMBER,INTERVAL,60MHz Preset No,ENABLE,0,D,,
PHY_MATCH+60MHz.TUNE.CUR.POS,INTERVAL,60MHz Tune Pos,ENABLE,0,A,,
PHY_MFC1+MON.MFC.READ.FLOW,INTERVAL,MFC 1,ENABLE,0,A,,
PHY_MFC1+MON.MFC.SET.FLOW,INTERVAL,PHY_MFC1+MON.MFC.SET.FLOW,DISABLE,0,A,,
PHY_MFC1+PARA.SET.FLOW,INTERVAL,MFC1 SET,ENABLE,0,A,,
PHY_MFC10+MON.MFC.READ.FLOW,INTERVAL,MFC 10,ENABLE,0,A,,
PHY_MFC10+MON.MFC.SET.FLOW,INTERVAL,PHY_MFC10+MON.MFC.SET.FLOW,DISABLE,0,A,,
PHY_MFC10+PARA.SET.FLOW,INTERVAL,MFC 10 SET,ENABLE,0,A,,
PHY_MFC11+MON.MFC.READ.FLOW,INTERVAL,MFC 11,ENABLE,0,A,,
PHY_MFC11+MON.MFC.SET.FLOW,INTERVAL,PHY_MFC11+MON.MFC.SET.FLOW,DISABLE,0,A,,
PHY_MFC11+PARA.SET.FLOW,INTERVAL,MFC 11 SET,ENABLE,0,A,,
PHY_MFC12+MON.MFC.READ.FLOW,INTERVAL,MFC 12,ENABLE,0,A,,
PHY_MFC12+MON.MFC.SET.FLOW,INTERVAL,PHY_MFC12+MON.MFC.SET.FLOW,DISABLE,0,A,,
PHY_MFC12+PARA.SET.FLOW,INTERVAL,MFC 12 SET,ENABLE,0,A,,
PHY_MFC13+MON.MFC.READ.FLOW,INTERVAL,MFC 13,ENABLE,0,A,,
PHY_MFC13+MON.MFC.SET.FLOW,INTERVAL,PHY_MFC13+MON.MFC.SET.FLOW,DISABLE,0,A,,
PHY_MFC13+PARA.SET.FLOW,INTERVAL,MFC 13 SET,ENABLE,0,A,,
PHY_MFC14+MON.MFC.READ.FLOW,INTERVAL,MFC 14,ENABLE,0,A,,
PHY_MFC14+MON.MFC.SET.FLOW,INTERVAL,PHY_MFC14+MON.MFC.SET.FLOW,DISABLE,0,A,,
PHY_MFC14+PARA.SET.FLOW,INTERVAL,MFC 14 SET,ENABLE,0,A,,
PHY_MFC15+MON.MFC.READ.FLOW,INTERVAL,MFC 15,ENABLE,0,A,,
PHY_MFC15+MON.MFC.SET.FLOW,INTERVAL,PHY_MFC15+MON.MFC.SET.FLOW,DISABLE,0,A,,
PHY_MFC15+PARA.SET.FLOW,INTERVAL,MFC 15 SET,ENABLE,0,A,,
PHY_MFC16+MON.MFC.READ.FLOW,INTERVAL,MFC 16,ENABLE,0,A,,
PHY_MFC16+MON.MFC.SET.FLOW,INTERVAL,PHY_MFC16+MON.MFC.SET.FLOW,DISABLE,0,A,,
PHY_MFC16+PARA.SET.FLOW,INTERVAL,MFC 16 SET,ENABLE,0,A,,
PHY_MFC17+MON.MFC.READ.FLOW,INTERVAL,TUNE MFC,ENABLE,0,A,,
PHY_MFC17+MON.MFC.SET.FLOW,INTERVAL,PHY_MFC17+MON.MFC.SET.FLOW,DISABLE,0,A,,
PHY_MFC17+PARA.SET.FLOW,INTERVAL,TUNE MFC SET,ENABLE,0,A,,
PHY_MFC2+MON.MFC.READ.FLOW,INTERVAL,MFC 2,ENABLE,0,A,,
PHY_MFC2+MON.MFC.SET.FLOW,INTERVAL,PHY_MFC2+MON.MFC.SET.FLOW,DISABLE,0,A,,
PHY_MFC2+PARA.SET.FLOW,INTERVAL,MFC2 SET,ENABLE,0,A,,
PHY_MFC3+MON.MFC.READ.FLOW,INTERVAL,MFC 3,ENABLE,0,A,,
PHY_MFC3+MON.MFC.SET.FLOW,INTERVAL,PHY_MFC3+MON.MFC.SET.FLOW,DISABLE,0,A,,
PHY_MFC3+PARA.SET.FLOW,INTERVAL,MFC3 SET,ENABLE,0,A,,
PHY_MFC4+MON.MFC.READ.FLOW,INTERVAL,MFC 4,ENABLE,0,A,,
PHY_MFC4+MON.MFC.SET.FLOW,INTERVAL,PHY_MFC4+MON.MFC.SET.FLOW,DISABLE,0,A,,
PHY_MFC4+PARA.SET.FLOW,INTERVAL,MFC4 SET,ENABLE,0,A,,
PHY_MFC5+MON.MFC.READ.FLOW,INTERVAL,MFC 5,ENABLE,0,A,,
PHY_MFC5+MON.MFC.SET.FLOW,INTERVAL,PHY_MFC5+MON.MFC.SET.FLOW,DISABLE,0,A,,
PHY_MFC5+PARA.SET.FLOW,INTERVAL,MFC 5 SET,ENABLE,0,A,,
PHY_MFC6+MON.MFC.READ.FLOW,INTERVAL,MFC 6,ENABLE,0,A,,
PHY_MFC6+MON.MFC.SET.FLOW,INTERVAL,PHY_MFC6+MON.MFC.SET.FLOW,DISABLE,0,A,,
PHY_MFC6+PARA.SET.FLOW,INTERVAL,MFC 6 SET,ENABLE,0,A,,
PHY_MFC7+MON.MFC.READ.FLOW,INTERVAL,MFC 7,ENABLE,0,A,,
PHY_MFC7+MON.MFC.SET.FLOW,INTERVAL,PHY_MFC7+MON.MFC.SET.FLOW,DISABLE,0,A,,
PHY_MFC7+PARA.SET.FLOW,INTERVAL,MFC 7 SET,ENABLE,0,A,,
PHY_MFC8+MON.MFC.READ.FLOW,INTERVAL,MFC 8,ENABLE,0,A,,
PHY_MFC8+MON.MFC.SET.FLOW,INTERVAL,PHY_MFC8+MON.MFC.SET.FLOW,DISABLE,0,A,,
PHY_MFC8+PARA.SET.FLOW,INTERVAL,MFC 8 SET,ENABLE,0,A,,
PHY_MFC9+MON.MFC.READ.FLOW,INTERVAL,MFC 9,ENABLE,0,A,,
PHY_MFC9+MON.MFC.SET.FLOW,INTERVAL,PHY_MFC9+MON.MFC.SET.FLOW,DISABLE,0,A,,
PHY_MFC9+PARA.SET.FLOW,INTERVAL,MFC 9 SET,ENABLE,0,A,,
PHY_TURBO_PUMP+PUMP.POWER.SNS,INTERVAL,PHY_TURBO_PUMP+PUMP.POWER.SNS,DISABLE,0,D,,
PHY_TURBO_PUMP+PUMP.RPM.VALUE,INTERVAL,Turbo RPM,ENABLE,0,A,,
PHY_WAP_CONTROL+DATA.C_Ring.Current.Position,INTERVAL,PHY_WAP_CONTROL+DATA.C_Ring.Current.Position,DISABLE,0,S,,
PHY_WAP_CONTROL+DATA.C_Ring.Target.Position,INTERVAL,PHY_WAP_CONTROL+DATA.C_Ring.Target.Position,DISABLE,0,S,,
PHY_WAP_CONTROL+PARA.LEARNED.POSITION,INTERVAL,PHY_WAP_CONTROL+PARA.LEARNED.POSITION,DISABLE,0,A,,
PHY_WAP_CONTROL+POS.VALUE,INTERVAL,WAP Position Set,ENABLE,0,A,,
PHY_WAP_CONTROL+PRESET.POS.VALUE,INTERVAL,WAP Preset Position Set,ENABLE,0,A,,
PHY_WAP_CONTROL+PRESS.VALUE,INTERVAL,WAP Pressure Set,ENABLE,0,A,,
